,year,make,model,search,path_,path_to
0,2022,subaru,wrx,subaru_wrx_2022,subaru_wrx_2022.jpg,subaru_wrx_2022
1,2022,audi,a3,audi_a3_2022,audi_a3_2022.jpg,audi_a3_2022
2,2023,bmw,5 series,bmw_5-series_2023,bmw_5-series_2023.jpg,bmw_5-series_2023
3,2023,hyundai,elantra,hyundai_elantra_2023,hyundai_elantra_2023.jpg,hyundai_elantra_2023
4,2020,dodge,charger,dodge_charger_2020,dodge_charger_2020.jpg,dodge_charger_2020
5,2022,kia,k5,kia_k5_2022,kia_k5_2022.jpg,kia_k5_2022
6,2016,cadillac,cts,cadillac_cts_2016,cadillac_cts_2016.jpg,cadillac_cts_2016
7,2021,hyundai,elantra,hyundai_elantra_2021,hyundai_elantra_2021.jpg,hyundai_elantra_2021
8,2019,mercedes-benz,c class,mercedes-benz_c-class_2019,mercedes-benz_c-class_2019.jpg,mercedes-benz_c-class_2019
9,2020,toyota,corolla,toyota_corolla_2020,toyota_corolla_2020.jpg,toyota_corolla_2020
10,2021,subaru,wrx,subaru_wrx_2021,subaru_wrx_2021.jpg,subaru_wrx_2021
11,2020,volkswagen,jetta,volkswagen_jetta_2020,volkswagen_jetta_2020.jpg,volkswagen_jetta_2020
12,2021,nissan,sentra,nissan_sentra_2021,nissan_sentra_2021.jpg,nissan_sentra_2021
13,2021,kia,k5,kia_k5_2021,kia_k5_2021.jpg,kia_k5_2021
14,2022,chevrolet,malibu,chevrolet_malibu_2022,chevrolet_malibu_2022.jpg,chevrolet_malibu_2022
15,2020,mercedes-benz,c class,mercedes-benz_c-class_2020,mercedes-benz_c-class_2020.jpg,mercedes-benz_c-class_2020
16,2020,honda,civic,honda_civic_2020,honda_civic_2020.jpg,honda_civic_2020
17,2023,kia,k5,kia_k5_2023,kia_k5_2023.jpg,kia_k5_2023
18,2021,nissan,altima,nissan_altima_2021,nissan_altima_2021.jpg,nissan_altima_2021
19,2020,mercedes-benz,cls,mercedes-benz_cls_2020,mercedes-benz_cls_2020.jpg,mercedes-benz_cls_2020
20,2017,dodge,charger,dodge_charger_2017,dodge_charger_2017.jpg,dodge_charger_2017
21,2023,toyota,camry,toyota_camry_2023,toyota_camry_2023.jpg,toyota_camry_2023
22,2016,toyota,camry,toyota_camry_2016,toyota_camry_2016.jpg,toyota_camry_2016
23,2022,honda,accord,honda_accord_2022,honda_accord_2022.jpg,honda_accord_2022
24,2017,kia,cadenza,kia_cadenza_2017,kia_cadenza_2017.jpg,kia_cadenza_2017
25,2022,toyota,camry,toyota_camry_2022,toyota_camry_2022.jpg,toyota_camry_2022
26,2021,kia,forte,kia_forte_2021,kia_forte_2021.jpg,kia_forte_2021
27,2022,dodge,charger,dodge_charger_2022,dodge_charger_2022.jpg,dodge_charger_2022
28,2016,lexus,ls,lexus_ls_2016,lexus_ls_2016.jpg,lexus_ls_2016
29,2019,mercedes-benz,e class,mercedes-benz_e-class_2019,mercedes-benz_e-class_2019.jpg,mercedes-benz_e-class_2019
30,2019,toyota,corolla,toyota_corolla_2019,toyota_corolla_2019.jpg,toyota_corolla_2019
31,2022,mercedes-benz,c class,mercedes-benz_c-class_2022,mercedes-benz_c-class_2022.jpg,mercedes-benz_c-class_2022
32,2020,lexus,is,lexus_is_2020,lexus_is_2020.jpg,lexus_is_2020
33,2020,bmw,3 series,bmw_3-series_2020,bmw_3-series_2020.jpg,bmw_3-series_2020
34,2019,audi,a6,audi_a6_2019,audi_a6_2019.jpg,audi_a6_2019
35,2022,toyota,corolla,toyota_corolla_2022,toyota_corolla_2022.jpg,toyota_corolla_2022
36,2018,nissan,altima,nissan_altima_2018,nissan_altima_2018.jpg,nissan_altima_2018
37,2021,infiniti,q50,infiniti_q50_2021,infiniti_q50_2021.jpg,infiniti_q50_2021
38,2021,cadillac,ct4,cadillac_ct4_2021,cadillac_ct4_2021.jpg,cadillac_ct4_2021
39,2019,toyota,camry,toyota_camry_2019,toyota_camry_2019.jpg,toyota_camry_2019
40,2019,volkswagen,jetta,volkswagen_jetta_2019,volkswagen_jetta_2019.jpg,volkswagen_jetta_2019
41,2020,hyundai,elantra,hyundai_elantra_2020,hyundai_elantra_2020.jpg,hyundai_elantra_2020
42,2022,kia,forte,kia_forte_2022,kia_forte_2022.jpg,kia_forte_2022
43,2019,kia,forte,kia_forte_2019,kia_forte_2019.jpg,kia_forte_2019
44,2023,hyundai,sonata,hyundai_sonata_2023,hyundai_sonata_2023.jpg,hyundai_sonata_2023
45,2020,audi,a6,audi_a6_2020,audi_a6_2020.jpg,audi_a6_2020
46,2022,chrysler,300,chrysler_300_2022,chrysler_300_2022.jpg,chrysler_300_2022
47,2019,ford,fusion,ford_fusion_2019,ford_fusion_2019.jpg,ford_fusion_2019
48,2019,honda,accord,honda_accord_2019,honda_accord_2019.jpg,honda_accord_2019
49,2021,toyota,camry,toyota_camry_2021,toyota_camry_2021.jpg,toyota_camry_2021
50,2019,bmw,5 series,bmw_5-series_2019,bmw_5-series_2019.jpg,bmw_5-series_2019
51,2023,nissan,altima,nissan_altima_2023,nissan_altima_2023.jpg,nissan_altima_2023
52,2021,honda,accord,honda_accord_2021,honda_accord_2021.jpg,honda_accord_2021
53,2018,mercedes-benz,cla,mercedes-benz_cla_2018,mercedes-benz_cla_2018.jpg,mercedes-benz_cla_2018
54,2017,ford,fusion,ford_fusion_2017,ford_fusion_2017.jpg,ford_fusion_2017
55,2019,honda,civic,honda_civic_2019,honda_civic_2019.jpg,honda_civic_2019
56,2021,mercedes-benz,cla,mercedes-benz_cla_2021,mercedes-benz_cla_2021.jpg,mercedes-benz_cla_2021
57,2020,kia,forte,kia_forte_2020,kia_forte_2020.jpg,kia_forte_2020
58,2020,subaru,wrx,subaru_wrx_2020,subaru_wrx_2020.jpg,subaru_wrx_2020
59,2021,genesis,g70,genesis_g70_2021,genesis_g70_2021.jpg,genesis_g70_2021
60,2021,dodge,charger,dodge_charger_2021,dodge_charger_2021.jpg,dodge_charger_2021
61,2018,honda,civic,honda_civic_2018,honda_civic_2018.jpg,honda_civic_2018
62,2022,kia,rio,kia_rio_2022,kia_rio_2022.jpg,kia_rio_2022
63,2020,toyota,camry,toyota_camry_2020,toyota_camry_2020.jpg,toyota_camry_2020
64,2019,subaru,wrx,subaru_wrx_2019,subaru_wrx_2019.jpg,subaru_wrx_2019
65,2020,toyota,avalon,toyota_avalon_2020,toyota_avalon_2020.jpg,toyota_avalon_2020
66,2021,toyota,corolla,toyota_corolla_2021,toyota_corolla_2021.jpg,toyota_corolla_2021
67,2018,bmw,3 series,bmw_3-series_2018,bmw_3-series_2018.jpg,bmw_3-series_2018
68,2020,volkswagen,passat,volkswagen_passat_2020,volkswagen_passat_2020.jpg,volkswagen_passat_2020
69,2016,hyundai,sonata,hyundai_sonata_2016,hyundai_sonata_2016.jpg,hyundai_sonata_2016
70,2015,bmw,5 series,bmw_5-series_2015,bmw_5-series_2015.jpg,bmw_5-series_2015
71,2017,kia,forte,kia_forte_2017,kia_forte_2017.jpg,kia_forte_2017
72,2022,bmw,3 series,bmw_3-series_2022,bmw_3-series_2022.jpg,bmw_3-series_2022
73,2019,dodge,charger,dodge_charger_2019,dodge_charger_2019.jpg,dodge_charger_2019
74,2022,nissan,maxima,nissan_maxima_2022,nissan_maxima_2022.jpg,nissan_maxima_2022
75,2019,volvo,s60,volvo_s60_2019,volvo_s60_2019.jpg,volvo_s60_2019
76,2014,acura,ilx,acura_ilx_2014,acura_ilx_2014.jpg,acura_ilx_2014
77,2019,audi,a4,audi_a4_2019,audi_a4_2019.jpg,audi_a4_2019
78,2018,lexus,is,lexus_is_2018,lexus_is_2018.jpg,lexus_is_2018
79,2018,bmw,4 series,bmw_4-series_2018,bmw_4-series_2018.jpg,bmw_4-series_2018
80,2019,genesis,g90,genesis_g90_2019,genesis_g90_2019.jpg,genesis_g90_2019
81,2019,acura,tlx,acura_tlx_2019,acura_tlx_2019.jpg,acura_tlx_2019
82,2022,honda,civic,honda_civic_2022,honda_civic_2022.jpg,honda_civic_2022
83,2022,nissan,sentra,nissan_sentra_2022,nissan_sentra_2022.jpg,nissan_sentra_2022
84,2020,ford,fusion,ford_fusion_2020,ford_fusion_2020.jpg,ford_fusion_2020
85,2022,polestar,2,polestar_2_2022,polestar_2_2022.jpg,polestar_2_2022
86,2021,mercedes-benz,c class,mercedes-benz_c-class_2021,mercedes-benz_c-class_2021.jpg,mercedes-benz_c-class_2021
87,2023,bmw,3 series,bmw_3-series_2023,bmw_3-series_2023.jpg,bmw_3-series_2023
88,2018,audi,s6,audi_s6_2018,audi_s6_2018.jpg,audi_s6_2018
89,2018,dodge,charger,dodge_charger_2018,dodge_charger_2018.jpg,dodge_charger_2018
90,2017,hyundai,elantra,hyundai_elantra_2017,hyundai_elantra_2017.jpg,hyundai_elantra_2017
91,2022,hyundai,elantra,hyundai_elantra_2022,hyundai_elantra_2022.jpg,hyundai_elantra_2022
92,2023,toyota,corolla,toyota_corolla_2023,toyota_corolla_2023.jpg,toyota_corolla_2023
93,2020,tesla,model 3,tesla_model-3_2020,tesla_model-3_2020.jpg,tesla_model-3_2020
94,2016,chrysler,200,chrysler_200_2016,chrysler_200_2016.jpg,chrysler_200_2016
95,2015,audi,a3,audi_a3_2015,audi_a3_2015.jpg,audi_a3_2015
96,2014,chevrolet,malibu,chevrolet_malibu_2014,chevrolet_malibu_2014.jpg,chevrolet_malibu_2014
97,2018,bmw,5 series,bmw_5-series_2018,bmw_5-series_2018.jpg,bmw_5-series_2018
98,2019,audi,a8,audi_a8_2019,audi_a8_2019.jpg,audi_a8_2019
99,2022,hyundai,sonata,hyundai_sonata_2022,hyundai_sonata_2022.jpg,hyundai_sonata_2022
100,2021,cadillac,ct5,cadillac_ct5_2021,cadillac_ct5_2021.jpg,cadillac_ct5_2021
101,2020,hyundai,sonata,hyundai_sonata_2020,hyundai_sonata_2020.jpg,hyundai_sonata_2020
102,2021,hyundai,sonata,hyundai_sonata_2021,hyundai_sonata_2021.jpg,hyundai_sonata_2021
103,2018,toyota,camry,toyota_camry_2018,toyota_camry_2018.jpg,toyota_camry_2018
104,2022,acura,ilx,acura_ilx_2022,acura_ilx_2022.jpg,acura_ilx_2022
105,2020,kia,optima,kia_optima_2020,kia_optima_2020.jpg,kia_optima_2020
106,2018,toyota,corolla,toyota_corolla_2018,toyota_corolla_2018.jpg,toyota_corolla_2018
107,2014,lexus,es,lexus_es_2014,lexus_es_2014.jpg,lexus_es_2014
108,2014,toyota,camry,toyota_camry_2014,toyota_camry_2014.jpg,toyota_camry_2014
109,2018,volkswagen,jetta,volkswagen_jetta_2018,volkswagen_jetta_2018.jpg,volkswagen_jetta_2018
110,2016,dodge,charger,dodge_charger_2016,dodge_charger_2016.jpg,dodge_charger_2016
111,2021,lexus,es,lexus_es_2021,lexus_es_2021.jpg,lexus_es_2021
112,2017,toyota,corolla,toyota_corolla_2017,toyota_corolla_2017.jpg,toyota_corolla_2017
113,2022,nissan,altima,nissan_altima_2022,nissan_altima_2022.jpg,nissan_altima_2022
114,2014,mercedes-benz,e class,mercedes-benz_e-class_2014,mercedes-benz_e-class_2014.jpg,mercedes-benz_e-class_2014
115,2019,lexus,is,lexus_is_2019,lexus_is_2019.jpg,lexus_is_2019
116,2015,infiniti,q40,infiniti_q40_2015,infiniti_q40_2015.jpg,infiniti_q40_2015
117,2016,ford,fusion,ford_fusion_2016,ford_fusion_2016.jpg,ford_fusion_2016
118,2019,alfa-romeo,giulia,alfa-romeo_giulia_2019,alfa-romeo_giulia_2019.jpg,alfa-romeo_giulia_2019
119,2021,toyota,avalon,toyota_avalon_2021,toyota_avalon_2021.jpg,toyota_avalon_2021
120,2017,toyota,camry,toyota_camry_2017,toyota_camry_2017.jpg,toyota_camry_2017
121,2022,mazda,mazda3,mazda_mazda3_2022,mazda_mazda3_2022.jpg,mazda_mazda3_2022
122,2014,lexus,is,lexus_is_2014,lexus_is_2014.jpg,lexus_is_2014
123,2016,toyota,corolla,toyota_corolla_2016,toyota_corolla_2016.jpg,toyota_corolla_2016
124,2018,volvo,s60,volvo_s60_2018,volvo_s60_2018.jpg,volvo_s60_2018
125,2019,hyundai,elantra,hyundai_elantra_2019,hyundai_elantra_2019.jpg,hyundai_elantra_2019
126,2015,mercedes-benz,cls,mercedes-benz_cls_2015,mercedes-benz_cls_2015.jpg,mercedes-benz_cls_2015
127,2019,chrysler,300,chrysler_300_2019,chrysler_300_2019.jpg,chrysler_300_2019
128,2020,honda,accord,honda_accord_2020,honda_accord_2020.jpg,honda_accord_2020
129,2023,volkswagen,jetta,volkswagen_jetta_2023,volkswagen_jetta_2023.jpg,volkswagen_jetta_2023
130,2022,bmw,5 series,bmw_5-series_2022,bmw_5-series_2022.jpg,bmw_5-series_2022
131,2018,honda,accord,honda_accord_2018,honda_accord_2018.jpg,honda_accord_2018
132,2023,lexus,is,lexus_is_2023,lexus_is_2023.jpg,lexus_is_2023
133,2020,nissan,altima,nissan_altima_2020,nissan_altima_2020.jpg,nissan_altima_2020
134,2022,bmw,2 series,bmw_2-series_2022,bmw_2-series_2022.jpg,bmw_2-series_2022
135,2022,lexus,is,lexus_is_2022,lexus_is_2022.jpg,lexus_is_2022
136,2019,nissan,altima,nissan_altima_2019,nissan_altima_2019.jpg,nissan_altima_2019
137,2020,volvo,s60,volvo_s60_2020,volvo_s60_2020.jpg,volvo_s60_2020
138,2016,hyundai,elantra,hyundai_elantra_2016,hyundai_elantra_2016.jpg,hyundai_elantra_2016
139,2021,chrysler,300,chrysler_300_2021,chrysler_300_2021.jpg,chrysler_300_2021
140,2014,jaguar,xj,jaguar_xj_2014,jaguar_xj_2014.jpg,jaguar_xj_2014
141,2016,nissan,maxima,nissan_maxima_2016,nissan_maxima_2016.jpg,nissan_maxima_2016
142,2021,kia,rio,kia_rio_2021,kia_rio_2021.jpg,kia_rio_2021
143,2016,lexus,es,lexus_es_2016,lexus_es_2016.jpg,lexus_es_2016
144,2020,lexus,es,lexus_es_2020,lexus_es_2020.jpg,lexus_es_2020
145,2015,acura,tlx,acura_tlx_2015,acura_tlx_2015.jpg,acura_tlx_2015
146,2015,audi,a6,audi_a6_2015,audi_a6_2015.jpg,audi_a6_2015
147,2022,honda,insight,honda_insight_2022,honda_insight_2022.jpg,honda_insight_2022
148,2015,toyota,corolla,toyota_corolla_2015,toyota_corolla_2015.jpg,toyota_corolla_2015
149,2023,kia,forte,kia_forte_2023,kia_forte_2023.jpg,kia_forte_2023
150,2018,mercedes-benz,e class,mercedes-benz_e-class_2018,mercedes-benz_e-class_2018.jpg,mercedes-benz_e-class_2018
151,2019,kia,optima,kia_optima_2019,kia_optima_2019.jpg,kia_optima_2019
152,2023,kia,stinger,kia_stinger_2023,kia_stinger_2023.jpg,kia_stinger_2023
153,2021,honda,civic,honda_civic_2021,honda_civic_2021.jpg,honda_civic_2021
154,2018,chevrolet,volt,chevrolet_volt_2018,chevrolet_volt_2018.jpg,chevrolet_volt_2018
155,2023,honda,civic,honda_civic_2023,honda_civic_2023.jpg,honda_civic_2023
156,2019,lincoln,mkz,lincoln_mkz_2019,lincoln_mkz_2019.jpg,lincoln_mkz_2019
157,2019,bmw,4 series,bmw_4-series_2019,bmw_4-series_2019.jpg,bmw_4-series_2019
158,2019,nissan,maxima,nissan_maxima_2019,nissan_maxima_2019.jpg,nissan_maxima_2019
159,2021,acura,tlx,acura_tlx_2021,acura_tlx_2021.jpg,acura_tlx_2021
160,2020,chevrolet,malibu,chevrolet_malibu_2020,chevrolet_malibu_2020.jpg,chevrolet_malibu_2020
161,2015,mercedes-benz,s class,mercedes-benz_s-class_2015,mercedes-benz_s-class_2015.jpg,mercedes-benz_s-class_2015
162,2020,lincoln,mkz,lincoln_mkz_2020,lincoln_mkz_2020.jpg,lincoln_mkz_2020
163,2020,audi,a4,audi_a4_2020,audi_a4_2020.jpg,audi_a4_2020
164,2019,chevrolet,malibu,chevrolet_malibu_2019,chevrolet_malibu_2019.jpg,chevrolet_malibu_2019
165,2019,lincoln,continental,lincoln_continental_2019,lincoln_continental_2019.jpg,lincoln_continental_2019
166,2015,dodge,dart,dodge_dart_2015,dodge_dart_2015.jpg,dodge_dart_2015
167,2020,cadillac,ct4,cadillac_ct4_2020,cadillac_ct4_2020.jpg,cadillac_ct4_2020
168,2023,honda,accord,honda_accord_2023,honda_accord_2023.jpg,honda_accord_2023
169,2019,mercedes-benz,a class,mercedes-benz_a-class_2019,mercedes-benz_a-class_2019.jpg,mercedes-benz_a-class_2019
170,2022,nissan,versa,nissan_versa_2022,nissan_versa_2022.jpg,nissan_versa_2022
171,2021,acura,ilx,acura_ilx_2021,acura_ilx_2021.jpg,acura_ilx_2021
172,2019,genesis,g70,genesis_g70_2019,genesis_g70_2019.jpg,genesis_g70_2019
173,2021,bmw,3 series,bmw_3-series_2021,bmw_3-series_2021.jpg,bmw_3-series_2021
174,2017,honda,civic,honda_civic_2017,honda_civic_2017.jpg,honda_civic_2017
175,2015,toyota,camry,toyota_camry_2015,toyota_camry_2015.jpg,toyota_camry_2015
176,2018,genesis,g80,genesis_g80_2018,genesis_g80_2018.jpg,genesis_g80_2018
177,2018,subaru,wrx,subaru_wrx_2018,subaru_wrx_2018.jpg,subaru_wrx_2018
178,2018,kia,optima,kia_optima_2018,kia_optima_2018.jpg,kia_optima_2018
179,2013,lexus,es,lexus_es_2013,lexus_es_2013.jpg,lexus_es_2013
180,2020,mazda,mazda6,mazda_mazda6_2020,mazda_mazda6_2020.jpg,mazda_mazda6_2020
181,2020,kia,stinger,kia_stinger_2020,kia_stinger_2020.jpg,kia_stinger_2020
182,2016,chevrolet,malibu,chevrolet_malibu_2016,chevrolet_malibu_2016.jpg,chevrolet_malibu_2016
183,2016,cadillac,xts,cadillac_xts_2016,cadillac_xts_2016.jpg,cadillac_xts_2016
184,2021,volkswagen,jetta,volkswagen_jetta_2021,volkswagen_jetta_2021.jpg,volkswagen_jetta_2021
185,2013,lexus,gs,lexus_gs_2013,lexus_gs_2013.jpg,lexus_gs_2013
186,2022,audi,a4,audi_a4_2022,audi_a4_2022.jpg,audi_a4_2022
187,2019,subaru,impreza,subaru_impreza_2019,subaru_impreza_2019.jpeg,subaru_impreza_2019
188,2022,volkswagen,jetta,volkswagen_jetta_2022,volkswagen_jetta_2022.jpg,volkswagen_jetta_2022
189,2022,genesis,g70,genesis_g70_2022,genesis_g70_2022.jpg,genesis_g70_2022
190,2018,honda,clarity,honda_clarity_2018,honda_clarity_2018.webp,honda_clarity_2018
191,2018,subaru,impreza,subaru_impreza_2018,subaru_impreza_2018.webp,subaru_impreza_2018
192,2015,infiniti,q50,infiniti_q50_2015,infiniti_q50_2015.jpg,infiniti_q50_2015
193,2018,lincoln,mkz,lincoln_mkz_2018,lincoln_mkz_2018.jpg,lincoln_mkz_2018
194,2017,buick,regal,buick_regal_2017,buick_regal_2017.jpg,buick_regal_2017
195,2018,chevrolet,malibu,chevrolet_malibu_2018,chevrolet_malibu_2018.jpg,chevrolet_malibu_2018
196,2018,hyundai,sonata,hyundai_sonata_2018,hyundai_sonata_2018.jpg,hyundai_sonata_2018
197,2019,ford,fiesta,ford_fiesta_2019,ford_fiesta_2019.jpg,ford_fiesta_2019
198,2023,acura,integra,acura_integra_2023,acura_integra_2023.jpg,acura_integra_2023
199,2013,ford,taurus,ford_taurus_2013,ford_taurus_2013.jpg,ford_taurus_2013
200,2016,bmw,6 series,bmw_6-series_2016,bmw_6-series_2016.jpg,bmw_6-series_2016
201,2016,acura,tlx,acura_tlx_2016,acura_tlx_2016.jpg,acura_tlx_2016
202,2015,honda,civic,honda_civic_2015,honda_civic_2015.jpg,honda_civic_2015
203,2018,audi,a4,audi_a4_2018,audi_a4_2018.jpg,audi_a4_2018
204,2015,audi,s8,audi_s8_2015,audi_s8_2015.jpg,audi_s8_2015
205,2021,nissan,versa,nissan_versa_2021,nissan_versa_2021.jpg,nissan_versa_2021
206,2017,chevrolet,cruze,chevrolet_cruze_2017,chevrolet_cruze_2017.jpg,chevrolet_cruze_2017
207,2021,volkswagen,passat,volkswagen_passat_2021,volkswagen_passat_2021.jpg,volkswagen_passat_2021
208,2019,hyundai,sonata,hyundai_sonata_2019,hyundai_sonata_2019.jpg,hyundai_sonata_2019
209,2020,genesis,g70,genesis_g70_2020,genesis_g70_2020.jpg,genesis_g70_2020
210,2016,honda,civic,honda_civic_2016,honda_civic_2016.jpg,honda_civic_2016
211,2018,ford,fusion,ford_fusion_2018,ford_fusion_2018.jpg,ford_fusion_2018
212,2021,volkswagen,arteon,volkswagen_arteon_2021,volkswagen_arteon_2021.jpg,volkswagen_arteon_2021
213,2019,lexus,es,lexus_es_2019,lexus_es_2019.jpg,lexus_es_2019
214,2017,mercedes-benz,c class,mercedes-benz_c-class_2017,mercedes-benz_c-class_2017.jpg,mercedes-benz_c-class_2017
215,2017,acura,tlx,acura_tlx_2017,acura_tlx_2017.jpg,acura_tlx_2017
216,2019,kia,stinger,kia_stinger_2019,kia_stinger_2019.jpg,kia_stinger_2019
217,2022,mercedes-benz,a class,mercedes-benz_a-class_2022,mercedes-benz_a-class_2022.jpg,mercedes-benz_a-class_2022
218,2018,mercedes-benz,s class,mercedes-benz_s-class_2018,mercedes-benz_s-class_2018.jpg,mercedes-benz_s-class_2018
219,2016,lexus,is,lexus_is_2016,lexus_is_2016.jpg,lexus_is_2016
220,2018,mercedes-benz,c class,mercedes-benz_c-class_2018,mercedes-benz_c-class_2018.jpg,mercedes-benz_c-class_2018
221,2019,bmw,3 series,bmw_3-series_2019,bmw_3-series_2019.jpg,bmw_3-series_2019
222,2016,mercedes-benz,c class,mercedes-benz_c-class_2016,mercedes-benz_c-class_2016.jpg,mercedes-benz_c-class_2016
223,2020,cadillac,ct5,cadillac_ct5_2020,cadillac_ct5_2020.jpg,cadillac_ct5_2020
224,2023,mercedes-benz,c class,mercedes-benz_c-class_2023,mercedes-benz_c-class_2023.jpg,mercedes-benz_c-class_2023
225,2016,volkswagen,passat,volkswagen_passat_2016,volkswagen_passat_2016.jpg,volkswagen_passat_2016
226,2016,bmw,3 series,bmw_3-series_2016,bmw_3-series_2016.jpg,bmw_3-series_2016
227,2022,toyota,avalon,toyota_avalon_2022,toyota_avalon_2022.jpg,toyota_avalon_2022
228,2012,acura,tl,acura_tl_2012,acura_tl_2012.jpg,acura_tl_2012
229,2019,lexus,gs,lexus_gs_2019,lexus_gs_2019.jpg,lexus_gs_2019
230,2019,acura,ilx,acura_ilx_2019,acura_ilx_2019.jpg,acura_ilx_2019
231,2018,lexus,gs,lexus_gs_2018,lexus_gs_2018.jpg,lexus_gs_2018
232,2020,audi,a3,audi_a3_2020,audi_a3_2020.jpg,audi_a3_2020
233,2018,alfa-romeo,giulia,alfa-romeo_giulia_2018,alfa-romeo_giulia_2018.jpg,alfa-romeo_giulia_2018
234,2015,chevrolet,impala,chevrolet_impala_2015,chevrolet_impala_2015.jpg,chevrolet_impala_2015
235,2013,cadillac,ats,cadillac_ats_2013,cadillac_ats_2013.jpg,cadillac_ats_2013
236,2015,chrysler,200,chrysler_200_2015,chrysler_200_2015.jpg,chrysler_200_2015
237,2016,ford,taurus,ford_taurus_2016,ford_taurus_2016.jpg,ford_taurus_2016
238,2017,audi,a4,audi_a4_2017,audi_a4_2017.jpg,audi_a4_2017
239,2018,volkswagen,passat,volkswagen_passat_2018,volkswagen_passat_2018.jpg,volkswagen_passat_2018
240,2016,bmw,5 series,bmw_5-series_2016,bmw_5-series_2016.jpg,bmw_5-series_2016
241,2012,honda,accord,honda_accord_2012,honda_accord_2012.jpg,honda_accord_2012
242,2017,mercedes-benz,s class,mercedes-benz_s-class_2017,mercedes-benz_s-class_2017.jpg,mercedes-benz_s-class_2017
243,2023,subaru,wrx,subaru_wrx_2023,subaru_wrx_2023.jpg,subaru_wrx_2023
244,2019,audi,a3,audi_a3_2019,audi_a3_2019.jpg,audi_a3_2019
245,2016,lincoln,mkz,lincoln_mkz_2016,lincoln_mkz_2016.jpg,lincoln_mkz_2016
246,2017,buick,lacrosse,buick_lacrosse_2017,buick_lacrosse_2017.jpg,buick_lacrosse_2017
247,2013,toyota,camry,toyota_camry_2013,toyota_camry_2013.jpg,toyota_camry_2013
248,2018,audi,s4,audi_s4_2018,audi_s4_2018.jpg,audi_s4_2018
249,2014,chevrolet,impala,chevrolet_impala_2014,chevrolet_impala_2014.jpg,chevrolet_impala_2014
250,2018,tesla,model s,tesla_model-s_2018,tesla_model-s_2018.jpg,tesla_model-s_2018
251,2021,audi,a4,audi_a4_2021,audi_a4_2021.jpg,audi_a4_2021
252,2017,nissan,altima,nissan_altima_2017,nissan_altima_2017.jpg,nissan_altima_2017
253,2017,tesla,model s,tesla_model-s_2017,tesla_model-s_2017.jpg,tesla_model-s_2017
254,2020,mercedes-benz,cla,mercedes-benz_cla_2020,mercedes-benz_cla_2020.jpg,mercedes-benz_cla_2020
255,2023,kia,rio,kia_rio_2023,kia_rio_2023.jpg,kia_rio_2023
256,2020,chevrolet,equinox,chevrolet_equinox_2020,chevrolet_equinox_2020.jpg,chevrolet_equinox_2020
257,2023,kia,sportage,kia_sportage_2023,kia_sportage_2023.jpg,kia_sportage_2023
258,2019,chevrolet,blazer,chevrolet_blazer_2019,chevrolet_blazer_2019.jpg,chevrolet_blazer_2019
259,2017,ford,edge,ford_edge_2017,ford_edge_2017.jpg,ford_edge_2017
260,2018,jeep,wrangler,jeep_wrangler_2018,jeep_wrangler_2018.jpg,jeep_wrangler_2018
261,2022,volvo,xc40,volvo_xc40_2022,volvo_xc40_2022.jpg,volvo_xc40_2022
262,2020,bmw,x3,bmw_x3_2020,bmw_x3_2020.jpg,bmw_x3_2020
263,2020,cadillac,xt4,cadillac_xt4_2020,cadillac_xt4_2020.jpg,cadillac_xt4_2020
264,2021,volkswagen,atlas,volkswagen_atlas_2021,volkswagen_atlas_2021.jpg,volkswagen_atlas_2021
265,2020,volvo,xc60,volvo_xc60_2020,volvo_xc60_2020.jpg,volvo_xc60_2020
266,2015,hyundai,santa fe,hyundai_santa-fe_2015,hyundai_santa-fe_2015.jpg,hyundai_santa-fe_2015
267,2017,bmw,x5,bmw_x5_2017,bmw_x5_2017.jpg,bmw_x5_2017
268,2019,jeep,wrangler,jeep_wrangler_2019,jeep_wrangler_2019.jpg,jeep_wrangler_2019
269,2022,toyota,venza,toyota_venza_2022,toyota_venza_2022.jpg,toyota_venza_2022
270,2019,gmc,terrain,gmc_terrain_2019,gmc_terrain_2019.jpg,gmc_terrain_2019
271,2022,subaru,crosstrek,subaru_crosstrek_2022,subaru_crosstrek_2022.jpg,subaru_crosstrek_2022
272,2023,toyota,4runner,toyota_4runner_2023,toyota_4runner_2023.jpg,toyota_4runner_2023
273,2022,hyundai,palisade,hyundai_palisade_2022,hyundai_palisade_2022.jpg,hyundai_palisade_2022
274,2021,audi,q5,audi_q5_2021,audi_q5_2021.jpg,audi_q5_2021
275,2019,ford,edge,ford_edge_2019,ford_edge_2019.jpg,ford_edge_2019
276,2021,mazda,cx 5,mazda_cx-5_2021,mazda_cx-5_2021.jpg,mazda_cx-5_2021
277,2022,ford,edge,ford_edge_2022,ford_edge_2022.jpg,ford_edge_2022
278,2022,jeep,wrangler,jeep_wrangler_2022,jeep_wrangler_2022.jpg,jeep_wrangler_2022
279,2023,hyundai,tucson,hyundai_tucson_2023,hyundai_tucson_2023.jpg,hyundai_tucson_2023
280,2021,jeep,wrangler,jeep_wrangler_2021,jeep_wrangler_2021.jpg,jeep_wrangler_2021
281,2016,jeep,wrangler,jeep_wrangler_2016,jeep_wrangler_2016.jpg,jeep_wrangler_2016
282,2021,mazda,cx 30,mazda_cx-30_2021,mazda_cx-30_2021.jpg,mazda_cx-30_2021
283,2022,chevrolet,equinox,chevrolet_equinox_2022,chevrolet_equinox_2022.jpg,chevrolet_equinox_2022
284,2019,bmw,x1,bmw_x1_2019,bmw_x1_2019.jpg,bmw_x1_2019
285,2022,ford,escape,ford_escape_2022,ford_escape_2022.jpg,ford_escape_2022
286,2019,hyundai,tucson,hyundai_tucson_2019,hyundai_tucson_2019.jpg,hyundai_tucson_2019
287,2019,jeep,compass,jeep_compass_2019,jeep_compass_2019.jpg,jeep_compass_2019
288,2021,alfa-romeo,stelvio,alfa-romeo_stelvio_2021,alfa-romeo_stelvio_2021.jpg,alfa-romeo_stelvio_2021
289,2021,nissan,rogue,nissan_rogue_2021,nissan_rogue_2021.jpg,nissan_rogue_2021
290,2023,hyundai,santa fe,hyundai_santa-fe_2023,hyundai_santa-fe_2023.jpg,hyundai_santa-fe_2023
291,2021,nissan,kicks,nissan_kicks_2021,nissan_kicks_2021.jpg,nissan_kicks_2021
292,2021,nissan,rogue sport,nissan_rogue-sport_2021,nissan_rogue-sport_2021.jpg,nissan_rogue-sport_2021
293,2019,cadillac,xt4,cadillac_xt4_2019,cadillac_xt4_2019.jpg,cadillac_xt4_2019
294,2016,chevrolet,equinox,chevrolet_equinox_2016,chevrolet_equinox_2016.jpg,chevrolet_equinox_2016
295,2021,chevrolet,trailblazer,chevrolet_trailblazer_2021,chevrolet_trailblazer_2021.jpg,chevrolet_trailblazer_2021
296,2022,gmc,terrain,gmc_terrain_2022,gmc_terrain_2022.jpeg,gmc_terrain_2022
297,2020,gmc,acadia,gmc_acadia_2020,gmc_acadia_2020.jpg,gmc_acadia_2020
298,2020,hyundai,tucson,hyundai_tucson_2020,hyundai_tucson_2020.jpg,hyundai_tucson_2020
299,2022,genesis,gv70,genesis_gv70_2022,genesis_gv70_2022.jpg,genesis_gv70_2022
300,2019,honda,cr v,honda_cr-v_2019,honda_cr-v_2019.jpg,honda_cr-v_2019
301,2018,jeep,cherokee,jeep_cherokee_2018,jeep_cherokee_2018.jpg,jeep_cherokee_2018
302,2023,chevrolet,blazer,chevrolet_blazer_2023,chevrolet_blazer_2023.jpg,chevrolet_blazer_2023
303,2017,mazda,cx 3,mazda_cx-3_2017,mazda_cx-3_2017.jpg,mazda_cx-3_2017
304,2020,ford,explorer,ford_explorer_2020,ford_explorer_2020.jpg,ford_explorer_2020
305,2022,volkswagen,taos,volkswagen_taos_2022,volkswagen_taos_2022.jpg,volkswagen_taos_2022
306,2021,lexus,rx,lexus_rx_2021,lexus_rx_2021.jpg,lexus_rx_2021
307,2019,volkswagen,tiguan,volkswagen_tiguan_2019,volkswagen_tiguan_2019.jpg,volkswagen_tiguan_2019
308,2020,ford,escape,ford_escape_2020,ford_escape_2020.jpg,ford_escape_2020
309,2023,toyota,corolla cross,toyota_corolla-cross_2023,toyota_corolla-cross_2023.jpg,toyota_corolla-cross_2023
310,2019,nissan,kicks,nissan_kicks_2019,nissan_kicks_2019.jpg,nissan_kicks_2019
311,2019,hyundai,kona,hyundai_kona_2019,hyundai_kona_2019.jpg,hyundai_kona_2019
312,2018,nissan,murano,nissan_murano_2018,nissan_murano_2018.jpg,nissan_murano_2018
313,2019,buick,enclave,buick_enclave_2019,buick_enclave_2019.jpg,buick_enclave_2019
314,2023,nissan,rogue,nissan_rogue_2023,nissan_rogue_2023.jpg,nissan_rogue_2023
315,2020,buick,enclave,buick_enclave_2020,buick_enclave_2020.jpg,buick_enclave_2020
316,2019,ford,escape,ford_escape_2019,ford_escape_2019.jpg,ford_escape_2019
317,2021,toyota,c hr,toyota_c-hr_2021,toyota_c-hr_2021.jpg,toyota_c-hr_2021
318,2019,infiniti,qx50,infiniti_qx50_2019,infiniti_qx50_2019.jpg,infiniti_qx50_2019
319,2017,dodge,journey,dodge_journey_2017,dodge_journey_2017.jpg,dodge_journey_2017
320,2021,jeep,cherokee,jeep_cherokee_2021,jeep_cherokee_2021.jpg,jeep_cherokee_2021
321,2021,volkswagen,tiguan,volkswagen_tiguan_2021,volkswagen_tiguan_2021.jpg,volkswagen_tiguan_2021
322,2019,gmc,yukon,gmc_yukon_2019,gmc_yukon_2019.jpg,gmc_yukon_2019
323,2017,chevrolet,tahoe,chevrolet_tahoe_2017,chevrolet_tahoe_2017.jpg,chevrolet_tahoe_2017
324,2017,nissan,rogue,nissan_rogue_2017,nissan_rogue_2017.jpg,nissan_rogue_2017
325,2019,bmw,x3,bmw_x3_2019,bmw_x3_2019.jpg,bmw_x3_2019
326,2023,subaru,forester,subaru_forester_2023,subaru_forester_2023.jpg,subaru_forester_2023
327,2019,buick,envision,buick_envision_2019,buick_envision_2019.jpg,buick_envision_2019
328,2020,jeep,compass,jeep_compass_2020,jeep_compass_2020.jpg,jeep_compass_2020
329,2020,toyota,c hr,toyota_c-hr_2020,toyota_c-hr_2020.jpg,toyota_c-hr_2020
330,2020,lincoln,nautilus,lincoln_nautilus_2020,lincoln_nautilus_2020.jpg,lincoln_nautilus_2020
331,2018,ford,explorer,ford_explorer_2018,ford_explorer_2018.jpg,ford_explorer_2018
332,2023,gmc,acadia,gmc_acadia_2023,gmc_acadia_2023.jpg,gmc_acadia_2023
333,2023,honda,hr v,honda_hr-v_2023,honda_hr-v_2023.jpg,honda_hr-v_2023
334,2018,audi,q5,audi_q5_2018,audi_q5_2018.jpg,audi_q5_2018
335,2019,nissan,rogue,nissan_rogue_2019,nissan_rogue_2019.jpg,nissan_rogue_2019
336,2020,toyota,highlander,toyota_highlander_2020,toyota_highlander_2020.jpg,toyota_highlander_2020
337,2023,cadillac,xt4,cadillac_xt4_2023,cadillac_xt4_2023.jpg,cadillac_xt4_2023
338,2019,volkswagen,atlas,volkswagen_atlas_2019,volkswagen_atlas_2019.jpg,volkswagen_atlas_2019
339,2021,toyota,rav4,toyota_rav4_2021,toyota_rav4_2021.jpg,toyota_rav4_2021
340,2022,acura,mdx,acura_mdx_2022,acura_mdx_2022.jpg,acura_mdx_2022
341,2023,ford,bronco,ford_bronco_2023,ford_bronco_2023.jpg,ford_bronco_2023
342,2017,mercedes-benz,glc,mercedes-benz_glc_2017,mercedes-benz_glc_2017.jpg,mercedes-benz_glc_2017
343,2017,lincoln,mkc,lincoln_mkc_2017,lincoln_mkc_2017.jpg,lincoln_mkc_2017
344,2018,toyota,rav4,toyota_rav4_2018,toyota_rav4_2018.jpg,toyota_rav4_2018
345,2020,lexus,nx,lexus_nx_2020,lexus_nx_2020.jpg,lexus_nx_2020
346,2022,hyundai,tucson,hyundai_tucson_2022,hyundai_tucson_2022.jpg,hyundai_tucson_2022
347,2023,subaru,crosstrek,subaru_crosstrek_2023,subaru_crosstrek_2023.jpg,subaru_crosstrek_2023
348,2019,jaguar,i pace,jaguar_i-pace_2019,jaguar_i-pace_2019.jpg,jaguar_i-pace_2019
349,2023,toyota,highlander,toyota_highlander_2023,toyota_highlander_2023.jpg,toyota_highlander_2023
350,2021,jeep,grand cherokee,jeep_grand-cherokee_2021,jeep_grand-cherokee_2021.jpg,jeep_grand-cherokee_2021
351,2020,kia,sportage,kia_sportage_2020,kia_sportage_2020.jpg,kia_sportage_2020
352,2018,jeep,grand cherokee,jeep_grand-cherokee_2018,jeep_grand-cherokee_2018.jpg,jeep_grand-cherokee_2018
353,2019,ford,ecosport,ford_ecosport_2019,ford_ecosport_2019.jpg,ford_ecosport_2019
354,2015,toyota,highlander,toyota_highlander_2015,toyota_highlander_2015.jpg,toyota_highlander_2015
355,2022,bmw,x3,bmw_x3_2022,bmw_x3_2022.jpg,bmw_x3_2022
356,2022,mazda,cx 5,mazda_cx-5_2022,mazda_cx-5_2022.jpg,mazda_cx-5_2022
357,2020,volvo,xc40,volvo_xc40_2020,volvo_xc40_2020.jpg,volvo_xc40_2020
358,2020,nissan,rogue,nissan_rogue_2020,nissan_rogue_2020.jpg,nissan_rogue_2020
359,2017,mazda,cx 5,mazda_cx-5_2017,mazda_cx-5_2017.jpg,mazda_cx-5_2017
360,2022,kia,telluride,kia_telluride_2022,kia_telluride_2022.jpg,kia_telluride_2022
361,2014,audi,q5,audi_q5_2014,audi_q5_2014.jpg,audi_q5_2014
362,2023,kia,niro,kia_niro_2023,kia_niro_2023.jpg,kia_niro_2023
363,2021,lexus,nx,lexus_nx_2021,lexus_nx_2021.jpg,lexus_nx_2021
364,2021,chevrolet,equinox,chevrolet_equinox_2021,chevrolet_equinox_2021.jpg,chevrolet_equinox_2021
365,2020,jeep,wrangler,jeep_wrangler_2020,jeep_wrangler_2020.jpg,jeep_wrangler_2020
366,2016,ford,edge,ford_edge_2016,ford_edge_2016.jpg,ford_edge_2016
367,2022,volkswagen,tiguan,volkswagen_tiguan_2022,volkswagen_tiguan_2022.jpg,volkswagen_tiguan_2022
368,2017,lexus,nx,lexus_nx_2017,lexus_nx_2017.jpg,lexus_nx_2017
369,2022,toyota,rav4,toyota_rav4_2022,toyota_rav4_2022.jpg,toyota_rav4_2022
370,2016,lexus,nx,lexus_nx_2016,lexus_nx_2016.jpg,lexus_nx_2016
371,2019,lincoln,mkc,lincoln_mkc_2019,lincoln_mkc_2019.jpg,lincoln_mkc_2019
372,2021,ford,explorer,ford_explorer_2021,ford_explorer_2021.jpg,ford_explorer_2021
373,2022,ford,explorer,ford_explorer_2022,ford_explorer_2022.jpg,ford_explorer_2022
374,2018,volkswagen,atlas,volkswagen_atlas_2018,volkswagen_atlas_2018.jpg,volkswagen_atlas_2018
375,2020,hyundai,santa fe,hyundai_santa-fe_2020,hyundai_santa-fe_2020.jpg,hyundai_santa-fe_2020
376,2022,mini,cooper countryman,mini_cooper-countryman_2022,mini_cooper-countryman_2022.jpeg,mini_cooper-countryman_2022
377,2019,dodge,journey,dodge_journey_2019,dodge_journey_2019.jpg,dodge_journey_2019
378,2018,subaru,crosstrek,subaru_crosstrek_2018,subaru_crosstrek_2018.jpg,subaru_crosstrek_2018
379,2017,fiat,500x,fiat_500x_2017,fiat_500x_2017.jpg,fiat_500x_2017
380,2019,nissan,murano,nissan_murano_2019,nissan_murano_2019.jpg,nissan_murano_2019
381,2018,audi,q3,audi_q3_2018,audi_q3_2018.jpg,audi_q3_2018
382,2021,honda,pilot,honda_pilot_2021,honda_pilot_2021.jpg,honda_pilot_2021
383,2019,lexus,ux,lexus_ux_2019,lexus_ux_2019.jpg,lexus_ux_2019
384,2022,ford,expedition,ford_expedition_2022,ford_expedition_2022.jpg,ford_expedition_2022
385,2020,toyota,rav4,toyota_rav4_2020,toyota_rav4_2020.jpg,toyota_rav4_2020
386,2015,jeep,grand cherokee,jeep_grand-cherokee_2015,jeep_grand-cherokee_2015.jpg,jeep_grand-cherokee_2015
387,2020,kia,telluride,kia_telluride_2020,kia_telluride_2020.jpg,kia_telluride_2020
388,2021,volvo,xc60,volvo_xc60_2021,volvo_xc60_2021.jpg,volvo_xc60_2021
389,2019,audi,q7,audi_q7_2019,audi_q7_2019.jpg,audi_q7_2019
390,2018,nissan,rogue sport,nissan_rogue-sport_2018,nissan_rogue-sport_2018.jpg,nissan_rogue-sport_2018
391,2020,ford,expedition,ford_expedition_2020,ford_expedition_2020.jpg,ford_expedition_2020
392,2015,jeep,wrangler,jeep_wrangler_2015,jeep_wrangler_2015.jpg,jeep_wrangler_2015
393,2019,buick,encore,buick_encore_2019,buick_encore_2019.jpg,buick_encore_2019
394,2022,mazda,cx 30,mazda_cx-30_2022,mazda_cx-30_2022.jpg,mazda_cx-30_2022
395,2021,subaru,crosstrek,subaru_crosstrek_2021,subaru_crosstrek_2021.jpg,subaru_crosstrek_2021
396,2020,acura,rdx,acura_rdx_2020,acura_rdx_2020.jpg,acura_rdx_2020
397,2019,jeep,cherokee,jeep_cherokee_2019,jeep_cherokee_2019.jpg,jeep_cherokee_2019
398,2020,mazda,cx 5,mazda_cx-5_2020,mazda_cx-5_2020.jpg,mazda_cx-5_2020
399,2022,chevrolet,trax,chevrolet_trax_2022,chevrolet_trax_2022.jpg,chevrolet_trax_2022
400,2023,hyundai,kona,hyundai_kona_2023,hyundai_kona_2023.jpg,hyundai_kona_2023
401,2022,honda,cr v,honda_cr-v_2022,honda_cr-v_2022.jpg,honda_cr-v_2022
402,2019,toyota,c hr,toyota_c-hr_2019,toyota_c-hr_2019.jpg,toyota_c-hr_2019
403,2022,nissan,rogue sport,nissan_rogue-sport_2022,nissan_rogue-sport_2022.jpg,nissan_rogue-sport_2022
404,2019,volvo,xc60,volvo_xc60_2019,volvo_xc60_2019.jpg,volvo_xc60_2019
405,2022,hyundai,venue,hyundai_venue_2022,hyundai_venue_2022.jpg,hyundai_venue_2022
406,2021,subaru,forester,subaru_forester_2021,subaru_forester_2021.jpg,subaru_forester_2021
407,2020,mazda,cx 3,mazda_cx-3_2020,mazda_cx-3_2020.jpg,mazda_cx-3_2020
408,2019,chevrolet,suburban,chevrolet_suburban_2019,chevrolet_suburban_2019.jpg,chevrolet_suburban_2019
409,2022,honda,pilot,honda_pilot_2022,honda_pilot_2022.jpg,honda_pilot_2022
410,2020,jeep,grand cherokee,jeep_grand-cherokee_2020,jeep_grand-cherokee_2020.jpg,jeep_grand-cherokee_2020
411,2022,ford,bronco,ford_bronco_2022,ford_bronco_2022.jpg,ford_bronco_2022
412,2019,subaru,ascent,subaru_ascent_2019,subaru_ascent_2019.jpg,subaru_ascent_2019
413,2020,lincoln,aviator,lincoln_aviator_2020,lincoln_aviator_2020.jpg,lincoln_aviator_2020
414,2021,ford,edge,ford_edge_2021,ford_edge_2021.jpg,ford_edge_2021
415,2021,jeep,grand cherokee l,jeep_grand-cherokee-l_2021,jeep_grand-cherokee-l_2021.jpg,jeep_grand-cherokee-l_2021
416,2021,kia,telluride,kia_telluride_2021,kia_telluride_2021.jpg,kia_telluride_2021
417,2022,lincoln,corsair,lincoln_corsair_2022,lincoln_corsair_2022.jpg,lincoln_corsair_2022
418,2017,jeep,grand cherokee,jeep_grand-cherokee_2017,jeep_grand-cherokee_2017.jpg,jeep_grand-cherokee_2017
419,2020,hyundai,palisade,hyundai_palisade_2020,hyundai_palisade_2020.jpg,hyundai_palisade_2020
420,2020,audi,q3,audi_q3_2020,audi_q3_2020.jpg,audi_q3_2020
421,2022,hyundai,santa fe,hyundai_santa-fe_2022,hyundai_santa-fe_2022.jpg,hyundai_santa-fe_2022
422,2020,subaru,forester,subaru_forester_2020,subaru_forester_2020.jpg,subaru_forester_2020
423,2021,toyota,venza,toyota_venza_2021,toyota_venza_2021.jpg,toyota_venza_2021
424,2018,gmc,yukon,gmc_yukon_2018,gmc_yukon_2018.jpg,gmc_yukon_2018
425,2023,mitsubishi,eclipse cross,mitsubishi_eclipse-cross_2023,mitsubishi_eclipse-cross_2023.jpeg,mitsubishi_eclipse-cross_2023
426,2021,toyota,4runner,toyota_4runner_2021,toyota_4runner_2021.jpg,toyota_4runner_2021
427,2021,hyundai,palisade,hyundai_palisade_2021,hyundai_palisade_2021.jpg,hyundai_palisade_2021
428,2021,ford,bronco,ford_bronco_2021,ford_bronco_2021.jpg,ford_bronco_2021
429,2017,buick,encore,buick_encore_2017,buick_encore_2017.jpg,buick_encore_2017
430,2022,toyota,4runner,toyota_4runner_2022,toyota_4runner_2022.jpg,toyota_4runner_2022
431,2019,subaru,crosstrek,subaru_crosstrek_2019,subaru_crosstrek_2019.jpg,subaru_crosstrek_2019
432,2022,jeep,compass,jeep_compass_2022,jeep_compass_2022.jpg,jeep_compass_2022
433,2020,bmw,x5,bmw_x5_2020,bmw_x5_2020.jpg,bmw_x5_2020
434,2017,jeep,wrangler,jeep_wrangler_2017,jeep_wrangler_2017.jpg,jeep_wrangler_2017
435,2023,ford,bronco sport,ford_bronco-sport_2023,ford_bronco-sport_2023.jpg,ford_bronco-sport_2023
436,2018,honda,cr v,honda_cr-v_2018,honda_cr-v_2018.jpg,honda_cr-v_2018
437,2021,honda,cr v,honda_cr-v_2021,honda_cr-v_2021.jpg,honda_cr-v_2021
438,2020,honda,pilot,honda_pilot_2020,honda_pilot_2020.jpg,honda_pilot_2020
439,2014,toyota,4runner,toyota_4runner_2014,toyota_4runner_2014.jpg,toyota_4runner_2014
440,2016,mercedes-benz,gl class,mercedes-benz_gl-class_2016,mercedes-benz_gl-class_2016.jpg,mercedes-benz_gl-class_2016
441,2023,genesis,gv80,genesis_gv80_2023,genesis_gv80_2023.jpg,genesis_gv80_2023
442,2021,volkswagen,id 4,volkswagen_id-4_2021,volkswagen_id-4_2021.jpg,volkswagen_id-4_2021
443,2014,chevrolet,equinox,chevrolet_equinox_2014,chevrolet_equinox_2014.jpg,chevrolet_equinox_2014
444,2017,gmc,yukon,gmc_yukon_2017,gmc_yukon_2017.jpg,gmc_yukon_2017
445,2019,toyota,4runner,toyota_4runner_2019,toyota_4runner_2019.jpg,toyota_4runner_2019
446,2020,kia,niro,kia_niro_2020,kia_niro_2020.jpg,kia_niro_2020
447,2019,acura,rdx,acura_rdx_2019,acura_rdx_2019.jpg,acura_rdx_2019
448,2017,jaguar,f pace,jaguar_f-pace_2017,jaguar_f-pace_2017.jpg,jaguar_f-pace_2017
449,2018,ford,ecosport,ford_ecosport_2018,ford_ecosport_2018.jpg,ford_ecosport_2018
450,2019,toyota,highlander,toyota_highlander_2019,toyota_highlander_2019.jpg,toyota_highlander_2019
451,2020,volvo,xc90,volvo_xc90_2020,volvo_xc90_2020.jpg,volvo_xc90_2020
452,2017,honda,cr v,honda_cr-v_2017,honda_cr-v_2017.jpg,honda_cr-v_2017
453,2022,lexus,nx,lexus_nx_2022,lexus_nx_2022.jpg,lexus_nx_2022
454,2019,toyota,rav4,toyota_rav4_2019,toyota_rav4_2019.jpg,toyota_rav4_2019
455,2022,kia,niro ev,kia_niro-ev_2022,kia_niro-ev_2022.jpg,kia_niro-ev_2022
456,2022,mitsubishi,outlander,mitsubishi_outlander_2022,mitsubishi_outlander_2022.jpg,mitsubishi_outlander_2022
457,2020,jeep,renegade,jeep_renegade_2020,jeep_renegade_2020.jpg,jeep_renegade_2020
458,2020,jeep,cherokee,jeep_cherokee_2020,jeep_cherokee_2020.jpg,jeep_cherokee_2020
459,2016,chevrolet,suburban,chevrolet_suburban_2016,chevrolet_suburban_2016.jpg,chevrolet_suburban_2016
460,2021,buick,encore gx,buick_encore-gx_2021,buick_encore-gx_2021.jpg,buick_encore-gx_2021
461,2023,nissan,pathfinder,nissan_pathfinder_2023,nissan_pathfinder_2023.jpg,nissan_pathfinder_2023
462,2016,toyota,4runner,toyota_4runner_2016,toyota_4runner_2016.jpg,toyota_4runner_2016
463,2017,ford,escape,ford_escape_2017,ford_escape_2017.jpg,ford_escape_2017
464,2020,ford,edge,ford_edge_2020,ford_edge_2020.jpg,ford_edge_2020
465,2017,bmw,x1,bmw_x1_2017,bmw_x1_2017.jpg,bmw_x1_2017
466,2019,chevrolet,equinox,chevrolet_equinox_2019,chevrolet_equinox_2019.jpg,chevrolet_equinox_2019
467,2023,hyundai,palisade,hyundai_palisade_2023,hyundai_palisade_2023.jpg,hyundai_palisade_2023
468,2023,kia,telluride,kia_telluride_2023,kia_telluride_2023.jpg,kia_telluride_2023
469,2021,lexus,gx,lexus_gx_2021,lexus_gx_2021.jpg,lexus_gx_2021
470,2020,lincoln,navigator,lincoln_navigator_2020,lincoln_navigator_2020.jpg,lincoln_navigator_2020
471,2018,mercedes-benz,gle,mercedes-benz_gle_2018,mercedes-benz_gle_2018.jpg,mercedes-benz_gle_2018
472,2022,chevrolet,bolt euv,chevrolet_bolt-euv_2022,chevrolet_bolt-euv_2022.jpeg,chevrolet_bolt-euv_2022
473,2021,audi,sq7,audi_sq7_2021,audi_sq7_2021.jpg,audi_sq7_2021
474,2018,mercedes-benz,glc,mercedes-benz_glc_2018,mercedes-benz_glc_2018.jpg,mercedes-benz_glc_2018
475,2016,mercedes-benz,glc,mercedes-benz_glc_2016,mercedes-benz_glc_2016.jpg,mercedes-benz_glc_2016
476,2022,nissan,kicks,nissan_kicks_2022,nissan_kicks_2022.jpg,nissan_kicks_2022
477,2023,jeep,wrangler,jeep_wrangler_2023,jeep_wrangler_2023.jpg,jeep_wrangler_2023
478,2015,nissan,rogue,nissan_rogue_2015,nissan_rogue_2015.jpg,nissan_rogue_2015
479,2022,lexus,gx,lexus_gx_2022,lexus_gx_2022.jpg,lexus_gx_2022
480,2019,audi,q5,audi_q5_2019,audi_q5_2019.jpg,audi_q5_2019
481,2018,ford,escape,ford_escape_2018,ford_escape_2018.jpg,ford_escape_2018
482,2016,buick,enclave,buick_enclave_2016,buick_enclave_2016.jpg,buick_enclave_2016
483,2018,dodge,durango,dodge_durango_2018,dodge_durango_2018.jpg,dodge_durango_2018
484,2021,buick,enclave,buick_enclave_2021,buick_enclave_2021.jpg,buick_enclave_2021
485,2021,honda,hr v,honda_hr-v_2021,honda_hr-v_2021.jpg,honda_hr-v_2021
486,2020,honda,cr v,honda_cr-v_2020,honda_cr-v_2020.jpg,honda_cr-v_2020
487,2020,mazda,cx 9,mazda_cx-9_2020,mazda_cx-9_2020.jpg,mazda_cx-9_2020
488,2017,audi,q5,audi_q5_2017,audi_q5_2017.jpg,audi_q5_2017
489,2021,kia,sorento,kia_sorento_2021,kia_sorento_2021.jpg,kia_sorento_2021
490,2020,chevrolet,trax,chevrolet_trax_2020,chevrolet_trax_2020.jpg,chevrolet_trax_2020
491,2022,jeep,grand cherokee,jeep_grand-cherokee_2022,jeep_grand-cherokee_2022.jpg,jeep_grand-cherokee_2022
492,2021,volvo,xc40,volvo_xc40_2021,volvo_xc40_2021.jpg,volvo_xc40_2021
493,2022,lexus,rx,lexus_rx_2022,lexus_rx_2022.jpg,lexus_rx_2022
494,2020,jaguar,i pace,jaguar_i-pace_2020,jaguar_i-pace_2020.jpg,jaguar_i-pace_2020
495,2019,jeep,grand cherokee,jeep_grand-cherokee_2019,jeep_grand-cherokee_2019.jpg,jeep_grand-cherokee_2019
496,2019,audi,q8,audi_q8_2019,audi_q8_2019.jpg,audi_q8_2019
497,2020,land,rover range rover velar,land_rover-range-rover-velar_2020,land_rover-range-rover-velar_2020.jpeg,land_rover-range-rover-velar_2020
498,2015,chevrolet,suburban,chevrolet_suburban_2015,chevrolet_suburban_2015.jpg,chevrolet_suburban_2015
499,2020,ford,expedition max,ford_expedition-max_2020,ford_expedition-max_2020.jpg,ford_expedition-max_2020
500,2018,gmc,yukon xl,gmc_yukon-xl_2018,gmc_yukon-xl_2018.jpg,gmc_yukon-xl_2018
501,2020,mercedes-benz,gle,mercedes-benz_gle_2020,mercedes-benz_gle_2020.jpg,mercedes-benz_gle_2020
502,2022,ford,expedition max,ford_expedition-max_2022,ford_expedition-max_2022.jpg,ford_expedition-max_2022
503,2018,hyundai,santa fe sport,hyundai_santa-fe-sport_2018,hyundai_santa-fe-sport_2018.jpg,hyundai_santa-fe-sport_2018
504,2021,gmc,acadia,gmc_acadia_2021,gmc_acadia_2021.jpg,gmc_acadia_2021
505,2017,lexus,rx,lexus_rx_2017,lexus_rx_2017.jpg,lexus_rx_2017
506,2015,cadillac,srx,cadillac_srx_2015,cadillac_srx_2015.jpg,cadillac_srx_2015
507,2016,gmc,acadia,gmc_acadia_2016,gmc_acadia_2016.jpg,gmc_acadia_2016
508,2019,lexus,nx,lexus_nx_2019,lexus_nx_2019.jpg,lexus_nx_2019
509,2018,mazda,cx 5,mazda_cx-5_2018,mazda_cx-5_2018.jpg,mazda_cx-5_2018
510,2020,chevrolet,blazer,chevrolet_blazer_2020,chevrolet_blazer_2020.jpg,chevrolet_blazer_2020
511,2018,volvo,xc60,volvo_xc60_2018,volvo_xc60_2018.jpg,volvo_xc60_2018
512,2019,mercedes-benz,gle,mercedes-benz_gle_2019,mercedes-benz_gle_2019.jpg,mercedes-benz_gle_2019
513,2018,land,rover discovery sport,land_rover-discovery-sport_2018,land_rover-discovery-sport_2018.webp,land_rover-discovery-sport_2018
514,2019,volvo,xc90,volvo_xc90_2019,volvo_xc90_2019.jpg,volvo_xc90_2019
515,2020,subaru,ascent,subaru_ascent_2020,subaru_ascent_2020.jpg,subaru_ascent_2020
516,2019,mazda,cx 5,mazda_cx-5_2019,mazda_cx-5_2019.jpg,mazda_cx-5_2019
517,2021,ford,ecosport,ford_ecosport_2021,ford_ecosport_2021.jpg,ford_ecosport_2021
518,2017,porsche,cayenne,porsche_cayenne_2017,porsche_cayenne_2017.jpg,porsche_cayenne_2017
519,2021,ford,expedition,ford_expedition_2021,ford_expedition_2021.jpg,ford_expedition_2021
520,2017,mercedes-benz,gle,mercedes-benz_gle_2017,mercedes-benz_gle_2017.jpg,mercedes-benz_gle_2017
521,2018,chevrolet,tahoe,chevrolet_tahoe_2018,chevrolet_tahoe_2018.jpg,chevrolet_tahoe_2018
522,2022,kia,sorento,kia_sorento_2022,kia_sorento_2022.jpg,kia_sorento_2022
523,2017,chevrolet,equinox,chevrolet_equinox_2017,chevrolet_equinox_2017.jpg,chevrolet_equinox_2017
524,2015,jeep,renegade,jeep_renegade_2015,jeep_renegade_2015.jpg,jeep_renegade_2015
525,2017,toyota,4runner,toyota_4runner_2017,toyota_4runner_2017.jpg,toyota_4runner_2017
526,2019,mercedes-benz,glc,mercedes-benz_glc_2019,mercedes-benz_glc_2019.jpg,mercedes-benz_glc_2019
527,2016,honda,cr v,honda_cr-v_2016,honda_cr-v_2016.jpg,honda_cr-v_2016
528,2016,jeep,renegade,jeep_renegade_2016,jeep_renegade_2016.jpg,jeep_renegade_2016
529,2018,bmw,x2,bmw_x2_2018,bmw_x2_2018.jpg,bmw_x2_2018
530,2022,cadillac,xt4,cadillac_xt4_2022,cadillac_xt4_2022.jpg,cadillac_xt4_2022
531,2019,cadillac,xt5,cadillac_xt5_2019,cadillac_xt5_2019.jpg,cadillac_xt5_2019
532,2023,chevrolet,trailblazer,chevrolet_trailblazer_2023,chevrolet_trailblazer_2023.jpg,chevrolet_trailblazer_2023
533,2022,bmw,x5,bmw_x5_2022,bmw_x5_2022.jpg,bmw_x5_2022
534,2022,hyundai,kona n,hyundai_kona-n_2022,hyundai_kona-n_2022.jpg,hyundai_kona-n_2022
535,2022,jeep,renegade,jeep_renegade_2022,jeep_renegade_2022.jpg,jeep_renegade_2022
536,2021,audi,q3,audi_q3_2021,audi_q3_2021.jpg,audi_q3_2021
537,2018,nissan,kicks,nissan_kicks_2018,nissan_kicks_2018.jpg,nissan_kicks_2018
538,2018,volvo,xc90,volvo_xc90_2018,volvo_xc90_2018.jpg,volvo_xc90_2018
539,2017,bmw,x3,bmw_x3_2017,bmw_x3_2017.jpg,bmw_x3_2017
540,2023,mazda,cx 5,mazda_cx-5_2023,mazda_cx-5_2023.jpg,mazda_cx-5_2023
541,2017,tesla,model x,tesla_model-x_2017,tesla_model-x_2017.jpg,tesla_model-x_2017
542,2017,lexus,gx,lexus_gx_2017,lexus_gx_2017.jpg,lexus_gx_2017
543,2021,hyundai,kona,hyundai_kona_2021,hyundai_kona_2021.jpg,hyundai_kona_2021
544,2016,lexus,lx,lexus_lx_2016,lexus_lx_2016.jpg,lexus_lx_2016
545,2023,nissan,murano,nissan_murano_2023,nissan_murano_2023.jpg,nissan_murano_2023
546,2022,chevrolet,trailblazer,chevrolet_trailblazer_2022,chevrolet_trailblazer_2022.jpg,chevrolet_trailblazer_2022
547,2022,bmw,x2,bmw_x2_2022,bmw_x2_2022.jpg,bmw_x2_2022
548,2019,honda,pilot,honda_pilot_2019,honda_pilot_2019.jpg,honda_pilot_2019
549,2023,hyundai,venue,hyundai_venue_2023,hyundai_venue_2023.jpg,hyundai_venue_2023
550,2021,kia,seltos,kia_seltos_2021,kia_seltos_2021.jpg,kia_seltos_2021
551,2018,acura,mdx,acura_mdx_2018,acura_mdx_2018.jpg,acura_mdx_2018
552,2021,lincoln,navigator l,lincoln_navigator-l_2021,lincoln_navigator-l_2021.jpg,lincoln_navigator-l_2021
553,2023,chevrolet,equinox,chevrolet_equinox_2023,chevrolet_equinox_2023.jpg,chevrolet_equinox_2023
554,2020,ford,ecosport,ford_ecosport_2020,ford_ecosport_2020.jpg,ford_ecosport_2020
555,2019,lincoln,nautilus,lincoln_nautilus_2019,lincoln_nautilus_2019.jpg,lincoln_nautilus_2019
556,2018,lexus,nx,lexus_nx_2018,lexus_nx_2018.jpg,lexus_nx_2018
557,2021,mercedes-benz,gle,mercedes-benz_gle_2021,mercedes-benz_gle_2021.jpg,mercedes-benz_gle_2021
558,2023,subaru,ascent,subaru_ascent_2023,subaru_ascent_2023.jpg,subaru_ascent_2023
559,2021,kia,sportage,kia_sportage_2021,kia_sportage_2021.jpg,kia_sportage_2021
560,2021,mitsubishi,outlander sport,mitsubishi_outlander-sport_2021,mitsubishi_outlander-sport_2021.jpg,mitsubishi_outlander-sport_2021
561,2016,jeep,grand cherokee,jeep_grand-cherokee_2016,jeep_grand-cherokee_2016.jpg,jeep_grand-cherokee_2016
562,2016,mazda,cx 5,mazda_cx-5_2016,mazda_cx-5_2016.jpg,mazda_cx-5_2016
563,2020,buick,encore gx,buick_encore-gx_2020,buick_encore-gx_2020.jpg,buick_encore-gx_2020
564,2016,honda,pilot,honda_pilot_2016,honda_pilot_2016.jpg,honda_pilot_2016
565,2014,ford,escape,ford_escape_2014,ford_escape_2014.jpg,ford_escape_2014
566,2023,hyundai,kona n,hyundai_kona-n_2023,hyundai_kona-n_2023.jpg,hyundai_kona-n_2023
567,2018,buick,encore,buick_encore_2018,buick_encore_2018.jpg,buick_encore_2018
568,2016,mercedes-benz,gle,mercedes-benz_gle_2016,mercedes-benz_gle_2016.jpg,mercedes-benz_gle_2016
569,2022,chevrolet,traverse,chevrolet_traverse_2022,chevrolet_traverse_2022.jpg,chevrolet_traverse_2022
570,2022,ford,ecosport,ford_ecosport_2022,ford_ecosport_2022.jpg,ford_ecosport_2022
571,2021,chevrolet,trax,chevrolet_trax_2021,chevrolet_trax_2021.jpg,chevrolet_trax_2021
572,2018,jeep,renegade,jeep_renegade_2018,jeep_renegade_2018.jpg,jeep_renegade_2018
573,2020,gmc,terrain,gmc_terrain_2020,gmc_terrain_2020.jpg,gmc_terrain_2020
574,2022,subaru,forester,subaru_forester_2022,subaru_forester_2022.jpg,subaru_forester_2022
575,2017,cadillac,xt5,cadillac_xt5_2017,cadillac_xt5_2017.jpg,cadillac_xt5_2017
576,2017,acura,rdx,acura_rdx_2017,acura_rdx_2017.jpg,acura_rdx_2017
577,2022,mercedes-benz,gle,mercedes-benz_gle_2022,mercedes-benz_gle_2022.jpg,mercedes-benz_gle_2022
578,2022,kia,niro,kia_niro_2022,kia_niro_2022.jpg,kia_niro_2022
579,2022,nissan,rogue,nissan_rogue_2022,nissan_rogue_2022.jpg,nissan_rogue_2022
580,2020,mercedes-benz,gls,mercedes-benz_gls_2020,mercedes-benz_gls_2020.jpg,mercedes-benz_gls_2020
581,2015,gmc,yukon xl,gmc_yukon-xl_2015,gmc_yukon-xl_2015.jpg,gmc_yukon-xl_2015
582,2016,lincoln,mkx,lincoln_mkx_2016,lincoln_mkx_2016.jpg,lincoln_mkx_2016
583,2019,ford,expedition,ford_expedition_2019,ford_expedition_2019.jpg,ford_expedition_2019
584,2015,ford,edge,ford_edge_2015,ford_edge_2015.jpg,ford_edge_2015
585,2021,chevrolet,blazer,chevrolet_blazer_2021,chevrolet_blazer_2021.jpg,chevrolet_blazer_2021
586,2023,chevrolet,bolt euv,chevrolet_bolt-euv_2023,chevrolet_bolt-euv_2023.jpeg,chevrolet_bolt-euv_2023
587,2020,chevrolet,traverse,chevrolet_traverse_2020,chevrolet_traverse_2020.jpg,chevrolet_traverse_2020
588,2017,dodge,durango,dodge_durango_2017,dodge_durango_2017.jpg,dodge_durango_2017
589,2021,buick,envision,buick_envision_2021,buick_envision_2021.jpg,buick_envision_2021
590,2019,chevrolet,tahoe,chevrolet_tahoe_2019,chevrolet_tahoe_2019.jpg,chevrolet_tahoe_2019
591,2018,cadillac,xt5,cadillac_xt5_2018,cadillac_xt5_2018.jpg,cadillac_xt5_2018
592,2018,bmw,x3,bmw_x3_2018,bmw_x3_2018.jpg,bmw_x3_2018
593,2023,acura,rdx,acura_rdx_2023,acura_rdx_2023.jpg,acura_rdx_2023
594,2018,nissan,pathfinder,nissan_pathfinder_2018,nissan_pathfinder_2018.jpg,nissan_pathfinder_2018
595,2017,gmc,acadia,gmc_acadia_2017,gmc_acadia_2017.jpg,gmc_acadia_2017
596,2022,chevrolet,blazer,chevrolet_blazer_2022,chevrolet_blazer_2022.jpg,chevrolet_blazer_2022
597,2020,volkswagen,tiguan,volkswagen_tiguan_2020,volkswagen_tiguan_2020.jpg,volkswagen_tiguan_2020
598,2021,ford,bronco sport,ford_bronco-sport_2021,ford_bronco-sport_2021.jpg,ford_bronco-sport_2021
599,2023,kia,ev6,kia_ev6_2023,kia_ev6_2023.jpg,kia_ev6_2023
600,2021,hyundai,tucson,hyundai_tucson_2021,hyundai_tucson_2021.jpg,hyundai_tucson_2021
601,2021,hyundai,santa fe,hyundai_santa-fe_2021,hyundai_santa-fe_2021.jpg,hyundai_santa-fe_2021
602,2021,acura,rdx,acura_rdx_2021,acura_rdx_2021.jpg,acura_rdx_2021
603,2017,porsche,macan,porsche_macan_2017,porsche_macan_2017.jpg,porsche_macan_2017
604,2019,audi,sq5,audi_sq5_2019,audi_sq5_2019.jpg,audi_sq5_2019
605,2020,mercedes-benz,glb,mercedes-benz_glb_2020,mercedes-benz_glb_2020.jpg,mercedes-benz_glb_2020
606,2019,alfa-romeo,stelvio,alfa-romeo_stelvio_2019,alfa-romeo_stelvio_2019.jpg,alfa-romeo_stelvio_2019
607,2019,volvo,xc40,volvo_xc40_2019,volvo_xc40_2019.jpg,volvo_xc40_2019
608,2017,nissan,rogue sport,nissan_rogue-sport_2017,nissan_rogue-sport_2017.jpg,nissan_rogue-sport_2017
609,2023,volkswagen,taos,volkswagen_taos_2023,volkswagen_taos_2023.jpg,volkswagen_taos_2023
610,2020,audi,q5,audi_q5_2020,audi_q5_2020.jpg,audi_q5_2020
611,2017,honda,pilot,honda_pilot_2017,honda_pilot_2017.jpeg,honda_pilot_2017
612,2022,toyota,corolla cross,toyota_corolla-cross_2022,toyota_corolla-cross_2022.jpg,toyota_corolla-cross_2022
613,2018,lexus,gx,lexus_gx_2018,lexus_gx_2018.jpg,lexus_gx_2018
614,2020,volkswagen,atlas,volkswagen_atlas_2020,volkswagen_atlas_2020.jpg,volkswagen_atlas_2020
615,2011,honda,pilot,honda_pilot_2011,honda_pilot_2011.jpg,honda_pilot_2011
616,2017,cadillac,escalade,cadillac_escalade_2017,cadillac_escalade_2017.jpg,cadillac_escalade_2017
617,2017,jeep,compass,jeep_compass_2017,jeep_compass_2017.jpg,jeep_compass_2017
618,2022,acura,rdx,acura_rdx_2022,acura_rdx_2022.jpg,acura_rdx_2022
619,2016,audi,q5,audi_q5_2016,audi_q5_2016.jpg,audi_q5_2016
620,2017,toyota,highlander,toyota_highlander_2017,toyota_highlander_2017.jpg,toyota_highlander_2017
621,2019,ford,explorer,ford_explorer_2019,ford_explorer_2019.jpg,ford_explorer_2019
622,2014,toyota,rav4,toyota_rav4_2014,toyota_rav4_2014.jpg,toyota_rav4_2014
623,2017,lincoln,mkx,lincoln_mkx_2017,lincoln_mkx_2017.jpg,lincoln_mkx_2017
624,2023,kia,sorento,kia_sorento_2023,kia_sorento_2023.jpg,kia_sorento_2023
625,2018,hyundai,kona,hyundai_kona_2018,hyundai_kona_2018.jpg,hyundai_kona_2018
626,2016,bmw,x5,bmw_x5_2016,bmw_x5_2016.jpg,bmw_x5_2016
627,2019,bmw,x5,bmw_x5_2019,bmw_x5_2019.jpg,bmw_x5_2019
628,2018,kia,sportage,kia_sportage_2018,kia_sportage_2018.jpg,kia_sportage_2018
629,2018,audi,q7,audi_q7_2018,audi_q7_2018.jpg,audi_q7_2018
630,2015,ford,escape,ford_escape_2015,ford_escape_2015.jpg,ford_escape_2015
631,2016,nissan,murano,nissan_murano_2016,nissan_murano_2016.jpg,nissan_murano_2016
632,2019,lexus,gx,lexus_gx_2019,lexus_gx_2019.jpg,lexus_gx_2019
633,2020,bmw,x3 m,bmw_x3-m_2020,bmw_x3-m_2020.jpg,bmw_x3-m_2020
634,2016,volvo,xc60,volvo_xc60_2016,volvo_xc60_2016.jpg,volvo_xc60_2016
635,2022,hyundai,kona,hyundai_kona_2022,hyundai_kona_2022.jpg,hyundai_kona_2022
636,2014,mazda,cx 5,mazda_cx-5_2014,mazda_cx-5_2014.jpg,mazda_cx-5_2014
637,2019,subaru,forester,subaru_forester_2019,subaru_forester_2019.jpg,subaru_forester_2019
638,2019,mazda,cx 3,mazda_cx-3_2019,mazda_cx-3_2019.jpg,mazda_cx-3_2019
639,2019,kia,niro,kia_niro_2019,kia_niro_2019.jpg,kia_niro_2019
640,2019,nissan,pathfinder,nissan_pathfinder_2019,nissan_pathfinder_2019.jpg,nissan_pathfinder_2019
641,2023,volkswagen,tiguan,volkswagen_tiguan_2023,volkswagen_tiguan_2023.jpg,volkswagen_tiguan_2023
642,2021,porsche,macan,porsche_macan_2021,porsche_macan_2021.jpg,porsche_macan_2021
643,2021,mercedes-benz,glc,mercedes-benz_glc_2021,mercedes-benz_glc_2021.jpg,mercedes-benz_glc_2021
644,2016,nissan,rogue,nissan_rogue_2016,nissan_rogue_2016.jpg,nissan_rogue_2016
645,2016,acura,mdx,acura_mdx_2016,acura_mdx_2016.jpg,acura_mdx_2016
646,2017,audi,q7,audi_q7_2017,audi_q7_2017.jpg,audi_q7_2017
647,2020,mercedes-benz,gla,mercedes-benz_gla_2020,mercedes-benz_gla_2020.jpg,mercedes-benz_gla_2020
648,2016,acura,rdx,acura_rdx_2016,acura_rdx_2016.jpg,acura_rdx_2016
649,2021,hyundai,venue,hyundai_venue_2021,hyundai_venue_2021.jpg,hyundai_venue_2021
650,2015,nissan,murano,nissan_murano_2015,nissan_murano_2015.jpg,nissan_murano_2015
651,2022,hyundai,ioniq 5,hyundai_ioniq-5_2022,hyundai_ioniq-5_2022.jpg,hyundai_ioniq-5_2022
652,2022,volkswagen,atlas,volkswagen_atlas_2022,volkswagen_atlas_2022.jpg,volkswagen_atlas_2022
653,2021,nissan,murano,nissan_murano_2021,nissan_murano_2021.jpg,nissan_murano_2021
654,2018,acura,rdx,acura_rdx_2018,acura_rdx_2018.jpg,acura_rdx_2018
655,2021,subaru,ascent,subaru_ascent_2021,subaru_ascent_2021.jpg,subaru_ascent_2021
656,2020,acura,mdx,acura_mdx_2020,acura_mdx_2020.jpg,acura_mdx_2020
657,2017,jeep,patriot,jeep_patriot_2017,jeep_patriot_2017.jpg,jeep_patriot_2017
658,2014,honda,cr v,honda_cr-v_2014,honda_cr-v_2014.jpg,honda_cr-v_2014
659,2022,jeep,cherokee,jeep_cherokee_2022,jeep_cherokee_2022.jpg,jeep_cherokee_2022
660,2017,nissan,murano,nissan_murano_2017,nissan_murano_2017.jpg,nissan_murano_2017
661,2022,mercedes-benz,glc,mercedes-benz_glc_2022,mercedes-benz_glc_2022.jpg,mercedes-benz_glc_2022
662,2019,lexus,lx,lexus_lx_2019,lexus_lx_2019.jpg,lexus_lx_2019
663,2023,chevrolet,traverse,chevrolet_traverse_2023,chevrolet_traverse_2023.jpg,chevrolet_traverse_2023
664,2017,mitsubishi,outlander sport,mitsubishi_outlander-sport_2017,mitsubishi_outlander-sport_2017.jpg,mitsubishi_outlander-sport_2017
665,2019,mercedes-benz,gla,mercedes-benz_gla_2019,mercedes-benz_gla_2019.jpg,mercedes-benz_gla_2019
666,2020,mercedes-benz,glc,mercedes-benz_glc_2020,mercedes-benz_glc_2020.jpg,mercedes-benz_glc_2020
667,2017,chevrolet,traverse,chevrolet_traverse_2017,chevrolet_traverse_2017.jpg,chevrolet_traverse_2017
668,2016,ford,explorer,ford_explorer_2016,ford_explorer_2016.jpg,ford_explorer_2016
669,2023,cadillac,xt6,cadillac_xt6_2023,cadillac_xt6_2023.jpg,cadillac_xt6_2023
670,2021,gmc,yukon,gmc_yukon_2021,gmc_yukon_2021.jpg,gmc_yukon_2021
671,2023,jeep,grand cherokee,jeep_grand-cherokee_2023,jeep_grand-cherokee_2023.jpg,jeep_grand-cherokee_2023
672,2019,audi,q3,audi_q3_2019,audi_q3_2019.jpg,audi_q3_2019
673,2022,dodge,durango,dodge_durango_2022,dodge_durango_2022.jpg,dodge_durango_2022
674,2020,nissan,kicks,nissan_kicks_2020,nissan_kicks_2020.jpg,nissan_kicks_2020
675,2019,honda,passport,honda_passport_2019,honda_passport_2019.jpg,honda_passport_2019
676,2023,bmw,x1,bmw_x1_2023,bmw_x1_2023.jpg,bmw_x1_2023
677,2016,ford,flex,ford_flex_2016,ford_flex_2016.jpg,ford_flex_2016
678,2016,cadillac,escalade,cadillac_escalade_2016,cadillac_escalade_2016.jpg,cadillac_escalade_2016
679,2022,volvo,c40,volvo_c40_2022,volvo_c40_2022.jpeg,volvo_c40_2022
680,2017,ford,explorer,ford_explorer_2017,ford_explorer_2017.jpg,ford_explorer_2017
681,2021,bmw,x5,bmw_x5_2021,bmw_x5_2021.jpg,bmw_x5_2021
682,2017,buick,enclave,buick_enclave_2017,buick_enclave_2017.jpg,buick_enclave_2017
683,2018,lexus,rx,lexus_rx_2018,lexus_rx_2018.jpg,lexus_rx_2018
684,2012,toyota,fj cruiser,toyota_fj-cruiser_2012,toyota_fj-cruiser_2012.jpg,toyota_fj-cruiser_2012
685,2021,bmw,x1,bmw_x1_2021,bmw_x1_2021.jpg,bmw_x1_2021
686,2016,volkswagen,tiguan,volkswagen_tiguan_2016,volkswagen_tiguan_2016.jpg,volkswagen_tiguan_2016
687,2015,jeep,patriot,jeep_patriot_2015,jeep_patriot_2015.jpg,jeep_patriot_2015
688,2018,honda,pilot,honda_pilot_2018,honda_pilot_2018.jpg,honda_pilot_2018
689,2015,subaru,forester,subaru_forester_2015,subaru_forester_2015.jpg,subaru_forester_2015
690,2018,jeep,compass,jeep_compass_2018,jeep_compass_2018.jpg,jeep_compass_2018
691,2018,subaru,forester,subaru_forester_2018,subaru_forester_2018.jpg,subaru_forester_2018
692,2022,honda,hr v,honda_hr-v_2022,honda_hr-v_2022.jpg,honda_hr-v_2022
693,2017,infiniti,qx30,infiniti_qx30_2017,infiniti_qx30_2017.jpg,infiniti_qx30_2017
694,2019,dodge,durango,dodge_durango_2019,dodge_durango_2019.jpg,dodge_durango_2019
695,2018,toyota,highlander,toyota_highlander_2018,toyota_highlander_2018.jpg,toyota_highlander_2018
696,2015,jeep,cherokee,jeep_cherokee_2015,jeep_cherokee_2015.jpg,jeep_cherokee_2015
697,2022,kia,sportage,kia_sportage_2022,kia_sportage_2022.jpg,kia_sportage_2022
698,2022,volvo,xc60,volvo_xc60_2022,volvo_xc60_2022.jpg,volvo_xc60_2022
699,2019,acura,mdx,acura_mdx_2019,acura_mdx_2019.jpg,acura_mdx_2019
700,2019,lexus,rx,lexus_rx_2019,lexus_rx_2019.jpg,lexus_rx_2019
701,2018,infiniti,qx30,infiniti_qx30_2018,infiniti_qx30_2018.jpg,infiniti_qx30_2018
702,2019,nissan,rogue sport,nissan_rogue-sport_2019,nissan_rogue-sport_2019.jpg,nissan_rogue-sport_2019
703,2016,volvo,xc90,volvo_xc90_2016,volvo_xc90_2016.jpg,volvo_xc90_2016
704,2022,nissan,pathfinder,nissan_pathfinder_2022,nissan_pathfinder_2022.jpg,nissan_pathfinder_2022
705,2015,buick,encore,buick_encore_2015,buick_encore_2015.jpg,buick_encore_2015
706,2018,jaguar,f pace,jaguar_f-pace_2018,jaguar_f-pace_2018.jpg,jaguar_f-pace_2018
707,2020,buick,encore,buick_encore_2020,buick_encore_2020.jpg,buick_encore_2020
708,2013,jeep,wrangler,jeep_wrangler_2013,jeep_wrangler_2013.jpg,jeep_wrangler_2013
709,2023,toyota,rav4,toyota_rav4_2023,toyota_rav4_2023.jpg,toyota_rav4_2023
710,2018,lincoln,mkx,lincoln_mkx_2018,lincoln_mkx_2018.jpg,lincoln_mkx_2018
711,2014,acura,rdx,acura_rdx_2014,acura_rdx_2014.jpg,acura_rdx_2014
712,2023,audi,q5,audi_q5_2023,audi_q5_2023.jpg,audi_q5_2023
713,2022,alfa-romeo,stelvio,alfa-romeo_stelvio_2022,alfa-romeo_stelvio_2022.jpg,alfa-romeo_stelvio_2022
714,2021,chevrolet,traverse,chevrolet_traverse_2021,chevrolet_traverse_2021.jpg,chevrolet_traverse_2021
715,2021,bmw,x3,bmw_x3_2021,bmw_x3_2021.jpg,bmw_x3_2021
716,2018,chevrolet,equinox,chevrolet_equinox_2018,chevrolet_equinox_2018.jpg,chevrolet_equinox_2018
717,2022,buick,envision,buick_envision_2022,buick_envision_2022.jpg,buick_envision_2022
718,2018,toyota,4runner,toyota_4runner_2018,toyota_4runner_2018.jpg,toyota_4runner_2018
719,2020,audi,q7,audi_q7_2020,audi_q7_2020.jpg,audi_q7_2020
720,2023,ford,edge,ford_edge_2023,ford_edge_2023.jpg,ford_edge_2023
721,2018,volkswagen,tiguan,volkswagen_tiguan_2018,volkswagen_tiguan_2018.jpg,volkswagen_tiguan_2018
722,2022,jeep,wagoneer,jeep_wagoneer_2022,jeep_wagoneer_2022.jpeg,jeep_wagoneer_2022
723,2021,fiat,500x,fiat_500x_2021,fiat_500x_2021.jpg,fiat_500x_2021
724,2018,bmw,x5,bmw_x5_2018,bmw_x5_2018.jpg,bmw_x5_2018
725,2017,audi,q3,audi_q3_2017,audi_q3_2017.jpg,audi_q3_2017
726,2018,nissan,rogue,nissan_rogue_2018,nissan_rogue_2018.jpg,nissan_rogue_2018
727,2018,ford,edge,ford_edge_2018,ford_edge_2018.jpg,ford_edge_2018
728,2017,volvo,xc60,volvo_xc60_2017,volvo_xc60_2017.jpg,volvo_xc60_2017
729,2022,mercedes-benz,gls,mercedes-benz_gls_2022,mercedes-benz_gls_2022.jpg,mercedes-benz_gls_2022
730,2014,jeep,grand cherokee,jeep_grand-cherokee_2014,jeep_grand-cherokee_2014.jpg,jeep_grand-cherokee_2014
731,2017,infiniti,qx60,infiniti_qx60_2017,infiniti_qx60_2017.jpg,infiniti_qx60_2017
732,2017,mercedes-benz,gla,mercedes-benz_gla_2017,mercedes-benz_gla_2017.jpg,mercedes-benz_gla_2017
733,2014,buick,enclave,buick_enclave_2014,buick_enclave_2014.jpg,buick_enclave_2014
734,2018,hyundai,tucson,hyundai_tucson_2018,hyundai_tucson_2018.jpg,hyundai_tucson_2018
735,2020,dodge,durango,dodge_durango_2020,dodge_durango_2020.jpg,dodge_durango_2020
736,2016,toyota,rav4,toyota_rav4_2016,toyota_rav4_2016.jpg,toyota_rav4_2016
737,2022,audi,q3,audi_q3_2022,audi_q3_2022.jpg,audi_q3_2022
738,2016,toyota,highlander,toyota_highlander_2016,toyota_highlander_2016.jpg,toyota_highlander_2016
739,2020,lexus,ux,lexus_ux_2020,lexus_ux_2020.jpg,lexus_ux_2020
740,2017,toyota,rav4,toyota_rav4_2017,toyota_rav4_2017.jpg,toyota_rav4_2017
741,2017,hyundai,santa fe sport,hyundai_santa-fe-sport_2017,hyundai_santa-fe-sport_2017.jpg,hyundai_santa-fe-sport_2017
742,2022,bmw,x3 m,bmw_x3-m_2022,bmw_x3-m_2022.jpg,bmw_x3-m_2022
743,2020,jaguar,f pace,jaguar_f-pace_2020,jaguar_f-pace_2020.jpg,jaguar_f-pace_2020
744,2022,mercedes-benz,gla,mercedes-benz_gla_2022,mercedes-benz_gla_2022.jpg,mercedes-benz_gla_2022
745,2020,toyota,4runner,toyota_4runner_2020,toyota_4runner_2020.jpg,toyota_4runner_2020
746,2016,toyota,land cruiser,toyota_land-cruiser_2016,toyota_land-cruiser_2016.jpg,toyota_land-cruiser_2016
747,2017,volkswagen,tiguan,volkswagen_tiguan_2017,volkswagen_tiguan_2017.jpg,volkswagen_tiguan_2017
748,2022,subaru,outback,subaru_outback_2022,subaru_outback_2022.jpg,subaru_outback_2022
749,2018,kia,soul,kia_soul_2018,kia_soul_2018.jpg,kia_soul_2018
750,2022,kia,soul,kia_soul_2022,kia_soul_2022.jpg,kia_soul_2022
751,2020,kia,soul,kia_soul_2020,kia_soul_2020.jpg,kia_soul_2020
752,2023,subaru,outback,subaru_outback_2023,subaru_outback_2023.jpg,subaru_outback_2023
753,2019,subaru,outback,subaru_outback_2019,subaru_outback_2019.jpg,subaru_outback_2019
754,2022,subaru,impreza,subaru_impreza_2022,subaru_impreza_2022.webp,subaru_impreza_2022
755,2020,subaru,outback,subaru_outback_2020,subaru_outback_2020.jpg,subaru_outback_2020
756,2015,kia,soul,kia_soul_2015,kia_soul_2015.jpg,kia_soul_2015
757,2020,subaru,impreza,subaru_impreza_2020,subaru_impreza_2020.jpeg,subaru_impreza_2020
758,2016,subaru,outback,subaru_outback_2016,subaru_outback_2016.jpg,subaru_outback_2016
759,2016,audi,allroad,audi_allroad_2016,audi_allroad_2016.jpg,audi_allroad_2016
760,2018,subaru,outback,subaru_outback_2018,subaru_outback_2018.jpg,subaru_outback_2018
761,2016,kia,soul,kia_soul_2016,kia_soul_2016.jpg,kia_soul_2016
762,2021,kia,soul,kia_soul_2021,kia_soul_2021.jpg,kia_soul_2021
763,2021,subaru,outback,subaru_outback_2021,subaru_outback_2021.jpg,subaru_outback_2021
764,2023,kia,soul,kia_soul_2023,kia_soul_2023.jpg,kia_soul_2023
765,2017,kia,soul,kia_soul_2017,kia_soul_2017.jpg,kia_soul_2017
766,2019,volkswagen,golf,volkswagen_golf_2019,volkswagen_golf_2019.jpg,volkswagen_golf_2019
767,2019,jaguar,f type,jaguar_f-type_2019,jaguar_f-type_2019.jpg,jaguar_f-type_2019
768,2016,chevrolet,corvette,chevrolet_corvette_2016,chevrolet_corvette_2016.jpg,chevrolet_corvette_2016
769,2017,chevrolet,camaro,chevrolet_camaro_2017,chevrolet_camaro_2017.jpg,chevrolet_camaro_2017
770,2020,ford,mustang,ford_mustang_2020,ford_mustang_2020.jpg,ford_mustang_2020
771,2022,dodge,challenger,dodge_challenger_2022,dodge_challenger_2022.jpg,dodge_challenger_2022
772,2021,dodge,challenger,dodge_challenger_2021,dodge_challenger_2021.jpg,dodge_challenger_2021
773,2021,chevrolet,camaro,chevrolet_camaro_2021,chevrolet_camaro_2021.jpg,chevrolet_camaro_2021
774,2020,dodge,challenger,dodge_challenger_2020,dodge_challenger_2020.jpg,dodge_challenger_2020
775,2017,ford,mustang,ford_mustang_2017,ford_mustang_2017.jpg,ford_mustang_2017
776,2019,ford,mustang,ford_mustang_2019,ford_mustang_2019.jpg,ford_mustang_2019
777,2018,chevrolet,camaro,chevrolet_camaro_2018,chevrolet_camaro_2018.jpg,chevrolet_camaro_2018
778,2020,lexus,rc,lexus_rc_2020,lexus_rc_2020.jpg,lexus_rc_2020
779,2018,bmw,m2,bmw_m2_2018,bmw_m2_2018.jpg,bmw_m2_2018
780,2013,audi,rs5,audi_rs5_2013,audi_rs5_2013.jpeg,audi_rs5_2013
781,2023,chevrolet,camaro,chevrolet_camaro_2023,chevrolet_camaro_2023.jpg,chevrolet_camaro_2023
782,2014,chevrolet,corvette,chevrolet_corvette_2014,chevrolet_corvette_2014.jpg,chevrolet_corvette_2014
783,2021,ford,mustang,ford_mustang_2021,ford_mustang_2021.jpg,ford_mustang_2021
784,2021,chevrolet,corvette,chevrolet_corvette_2021,chevrolet_corvette_2021.jpg,chevrolet_corvette_2021
785,2022,ford,mustang,ford_mustang_2022,ford_mustang_2022.jpg,ford_mustang_2022
786,2016,lexus,rc,lexus_rc_2016,lexus_rc_2016.jpg,lexus_rc_2016
787,2015,chevrolet,corvette,chevrolet_corvette_2015,chevrolet_corvette_2015.jpg,chevrolet_corvette_2015
788,2022,subaru,brz,subaru_brz_2022,subaru_brz_2022.jpg,subaru_brz_2022
789,2019,chevrolet,corvette,chevrolet_corvette_2019,chevrolet_corvette_2019.jpg,chevrolet_corvette_2019
790,2019,dodge,challenger,dodge_challenger_2019,dodge_challenger_2019.jpg,dodge_challenger_2019
791,2015,ford,mustang,ford_mustang_2015,ford_mustang_2015.jpg,ford_mustang_2015
792,2023,toyota,gr86,toyota_gr86_2023,toyota_gr86_2023.jpeg,toyota_gr86_2023
793,2019,lexus,rc,lexus_rc_2019,lexus_rc_2019.jpg,lexus_rc_2019
794,2020,chevrolet,camaro,chevrolet_camaro_2020,chevrolet_camaro_2020.jpg,chevrolet_camaro_2020
795,2016,mercedes-benz,e class,mercedes-benz_e-class_2016,mercedes-benz_e-class_2016.jpg,mercedes-benz_e-class_2016
796,2015,lexus,rc,lexus_rc_2015,lexus_rc_2015.jpeg,lexus_rc_2015
797,2022,chevrolet,camaro,chevrolet_camaro_2022,chevrolet_camaro_2022.jpg,chevrolet_camaro_2022
798,2020,toyota,86,toyota_86_2020,toyota_86_2020.jpg,toyota_86_2020
799,2019,infiniti,q60,infiniti_q60_2019,infiniti_q60_2019.jpg,infiniti_q60_2019
800,2015,chevrolet,camaro,chevrolet_camaro_2015,chevrolet_camaro_2015.jpg,chevrolet_camaro_2015
801,2022,toyota,gr86,toyota_gr86_2022,toyota_gr86_2022.webp,toyota_gr86_2022
802,2015,bmw,i8,bmw_i8_2015,bmw_i8_2015.jpg,bmw_i8_2015
803,2017,chevrolet,corvette,chevrolet_corvette_2017,chevrolet_corvette_2017.jpg,chevrolet_corvette_2017
804,2016,dodge,challenger,dodge_challenger_2016,dodge_challenger_2016.jpg,dodge_challenger_2016
805,2016,chevrolet,camaro,chevrolet_camaro_2016,chevrolet_camaro_2016.jpg,chevrolet_camaro_2016
806,2023,subaru,brz,subaru_brz_2023,subaru_brz_2023.jpg,subaru_brz_2023
807,2021,infiniti,q60,infiniti_q60_2021,infiniti_q60_2021.jpg,infiniti_q60_2021
808,2018,ford,mustang,ford_mustang_2018,ford_mustang_2018.jpg,ford_mustang_2018
809,2019,audi,a5,audi_a5_2019,audi_a5_2019.jpg,audi_a5_2019
810,2023,ford,mustang,ford_mustang_2023,ford_mustang_2023.jpg,ford_mustang_2023
811,2018,audi,a5,audi_a5_2018,audi_a5_2018.jpg,audi_a5_2018
812,2018,cadillac,ats,cadillac_ats_2018,cadillac_ats_2018.jpg,cadillac_ats_2018
813,2015,cadillac,ats,cadillac_ats_2015,cadillac_ats_2015.jpg,cadillac_ats_2015
814,2015,bmw,m4,bmw_m4_2015,bmw_m4_2015.jpg,bmw_m4_2015
815,2017,dodge,challenger,dodge_challenger_2017,dodge_challenger_2017.jpg,dodge_challenger_2017
816,2016,ford,mustang,ford_mustang_2016,ford_mustang_2016.jpg,ford_mustang_2016
817,2013,ford,mustang,ford_mustang_2013,ford_mustang_2013.jpg,ford_mustang_2013
818,2018,infiniti,q60,infiniti_q60_2018,infiniti_q60_2018.jpg,infiniti_q60_2018
819,2022,toyota,gr supra,toyota_gr-supra_2022,toyota_gr-supra_2022.jpg,toyota_gr-supra_2022
820,2019,chevrolet,camaro,chevrolet_camaro_2019,chevrolet_camaro_2019.jpg,chevrolet_camaro_2019
821,2018,honda,odyssey,honda_odyssey_2018,honda_odyssey_2018.jpg,honda_odyssey_2018
822,2020,chrysler,pacifica,chrysler_pacifica_2020,chrysler_pacifica_2020.jpg,chrysler_pacifica_2020
823,2019,honda,odyssey,honda_odyssey_2019,honda_odyssey_2019.jpg,honda_odyssey_2019
824,2018,chrysler,pacifica,chrysler_pacifica_2018,chrysler_pacifica_2018.jpg,chrysler_pacifica_2018
825,2018,toyota,sienna,toyota_sienna_2018,toyota_sienna_2018.jpg,toyota_sienna_2018
826,2018,dodge,grand caravan,dodge_grand-caravan_2018,dodge_grand-caravan_2018.jpg,dodge_grand-caravan_2018
827,2022,chrysler,pacifica,chrysler_pacifica_2022,chrysler_pacifica_2022.jpg,chrysler_pacifica_2022
828,2021,toyota,sienna,toyota_sienna_2021,toyota_sienna_2021.jpg,toyota_sienna_2021
829,2019,toyota,sienna,toyota_sienna_2019,toyota_sienna_2019.jpg,toyota_sienna_2019
830,2020,honda,odyssey,honda_odyssey_2020,honda_odyssey_2020.jpg,honda_odyssey_2020
831,2016,toyota,sienna,toyota_sienna_2016,toyota_sienna_2016.jpg,toyota_sienna_2016
832,2017,chrysler,pacifica,chrysler_pacifica_2017,chrysler_pacifica_2017.jpg,chrysler_pacifica_2017
833,2021,chrysler,pacifica,chrysler_pacifica_2021,chrysler_pacifica_2021.jpg,chrysler_pacifica_2021
834,2022,ford,transit connect,ford_transit-connect_2022,ford_transit-connect_2022.jpeg,ford_transit-connect_2022
835,2023,chrysler,pacifica,chrysler_pacifica_2023,chrysler_pacifica_2023.jpg,chrysler_pacifica_2023
836,2016,honda,odyssey,honda_odyssey_2016,honda_odyssey_2016.jpg,honda_odyssey_2016
837,2021,ford,transit connect,ford_transit-connect_2021,ford_transit-connect_2021.jpeg,ford_transit-connect_2021
838,2022,toyota,sienna,toyota_sienna_2022,toyota_sienna_2022.jpg,toyota_sienna_2022
839,2023,toyota,sienna,toyota_sienna_2023,toyota_sienna_2023.jpg,toyota_sienna_2023
840,2022,honda,odyssey,honda_odyssey_2022,honda_odyssey_2022.jpg,honda_odyssey_2022
841,2023,kia,carnival,kia_carnival_2023,kia_carnival_2023.jpg,kia_carnival_2023
842,2023,honda,odyssey,honda_odyssey_2023,honda_odyssey_2023.jpg,honda_odyssey_2023
843,2017,toyota,sienna,toyota_sienna_2017,toyota_sienna_2017.jpg,toyota_sienna_2017
844,2023,toyota,tacoma,toyota_tacoma_2023,toyota_tacoma_2023.jpg,toyota_tacoma_2023
845,2020,chevrolet,silverado 1500,chevrolet_silverado-1500_2020,chevrolet_silverado-1500_2020.jpg,chevrolet_silverado-1500_2020
846,2021,toyota,tundra,toyota_tundra_2021,toyota_tundra_2021.jpg,toyota_tundra_2021
847,2020,ford,f 150,ford_f-150_2020,ford_f-150_2020.jpg,ford_f-150_2020
848,2022,chevrolet,silverado 1500,chevrolet_silverado-1500_2022,chevrolet_silverado-1500_2022.jpg,chevrolet_silverado-1500_2022
849,2022,hyundai,santa cruz,hyundai_santa-cruz_2022,hyundai_santa-cruz_2022.jpg,hyundai_santa-cruz_2022
850,2022,jeep,gladiator,jeep_gladiator_2022,jeep_gladiator_2022.jpg,jeep_gladiator_2022
851,2500,ram,2500,ram_2500_2500,ram_2500_2500.webp,ram_2500_2500
852,2019,ford,f 150,ford_f-150_2019,ford_f-150_2019.jpg,ford_f-150_2019
853,2022,toyota,tundra,toyota_tundra_2022,toyota_tundra_2022.jpg,toyota_tundra_2022
854,2016,chevrolet,silverado 1500,chevrolet_silverado-1500_2016,chevrolet_silverado-1500_2016.jpg,chevrolet_silverado-1500_2016
855,2020,chevrolet,colorado,chevrolet_colorado_2020,chevrolet_colorado_2020.jpg,chevrolet_colorado_2020
856,2022,nissan,frontier,nissan_frontier_2022,nissan_frontier_2022.jpg,nissan_frontier_2022
857,2018,toyota,tacoma,toyota_tacoma_2018,toyota_tacoma_2018.jpg,toyota_tacoma_2018
858,2018,chevrolet,silverado 1500,chevrolet_silverado-1500_2018,chevrolet_silverado-1500_2018.jpg,chevrolet_silverado-1500_2018
859,2020,toyota,tacoma,toyota_tacoma_2020,toyota_tacoma_2020.jpg,toyota_tacoma_2020
860,2016,ford,f 150,ford_f-150_2016,ford_f-150_2016.jpg,ford_f-150_2016
861,2021,chevrolet,silverado 1500,chevrolet_silverado-1500_2021,chevrolet_silverado-1500_2021.jpg,chevrolet_silverado-1500_2021
862,2021,ford,f 150,ford_f-150_2021,ford_f-150_2021.jpg,ford_f-150_2021
863,2022,chevrolet,colorado,chevrolet_colorado_2022,chevrolet_colorado_2022.jpg,chevrolet_colorado_2022
864,2017,toyota,tacoma,toyota_tacoma_2017,toyota_tacoma_2017.jpg,toyota_tacoma_2017
865,2019,toyota,tacoma,toyota_tacoma_2019,toyota_tacoma_2019.jpg,toyota_tacoma_2019
866,2019,ram,1500,ram_1500_2019,ram_1500_2019.jpg,ram_1500_2019
867,2018,ford,f 150,ford_f-150_2018,ford_f-150_2018.jpg,ford_f-150_2018
868,2023,ford,maverick,ford_maverick_2023,ford_maverick_2023.jpg,ford_maverick_2023
869,2023,hyundai,santa cruz,hyundai_santa-cruz_2023,hyundai_santa-cruz_2023.jpg,hyundai_santa-cruz_2023
870,2021,ford,ranger,ford_ranger_2021,ford_ranger_2021.jpg,ford_ranger_2021
871,2021,toyota,tacoma,toyota_tacoma_2021,toyota_tacoma_2021.jpg,toyota_tacoma_2021
872,2020,jeep,gladiator,jeep_gladiator_2020,jeep_gladiator_2020.jpg,jeep_gladiator_2020
873,2017,ram,1500,ram_1500_2017,ram_1500_2017.jpg,ram_1500_2017
874,2022,chevrolet,silverado 3500hd,chevrolet_silverado-3500hd_2022,chevrolet_silverado-3500hd_2022.jpeg,chevrolet_silverado-3500hd_2022
875,2015,ford,f 150,ford_f-150_2015,ford_f-150_2015.jpg,ford_f-150_2015
876,2018,ram,1500,ram_1500_2018,ram_1500_2018.jpg,ram_1500_2018
877,2022,ford,maverick,ford_maverick_2022,ford_maverick_2022.jpg,ford_maverick_2022
878,2022,ford,f 350,ford_f-350_2022,ford_f-350_2022.jpeg,ford_f-350_2022
879,2021,gmc,sierra 1500,gmc_sierra-1500_2021,gmc_sierra-1500_2021.jpg,gmc_sierra-1500_2021
880,2022,nissan,titan,nissan_titan_2022,nissan_titan_2022.jpg,nissan_titan_2022
881,2023,jeep,gladiator,jeep_gladiator_2023,jeep_gladiator_2023.jpg,jeep_gladiator_2023
882,2020,toyota,tundra,toyota_tundra_2020,toyota_tundra_2020.jpg,toyota_tundra_2020
883,2020,ford,f 350,ford_f-350_2020,ford_f-350_2020.jpeg,ford_f-350_2020
884,2022,toyota,tacoma,toyota_tacoma_2022,toyota_tacoma_2022.jpg,toyota_tacoma_2022
885,2021,chevrolet,colorado,chevrolet_colorado_2021,chevrolet_colorado_2021.jpg,chevrolet_colorado_2021
886,2019,toyota,tundra,toyota_tundra_2019,toyota_tundra_2019.jpg,toyota_tundra_2019
887,2019,ford,ranger,ford_ranger_2019,ford_ranger_2019.jpg,ford_ranger_2019
888,2019,nissan,frontier,nissan_frontier_2019,nissan_frontier_2019.jpg,nissan_frontier_2019
889,2021,ram,1500,ram_1500_2021,ram_1500_2021.jpg,ram_1500_2021
890,2020,gmc,sierra 1500,gmc_sierra-1500_2020,gmc_sierra-1500_2020.jpg,gmc_sierra-1500_2020
891,2021,jeep,gladiator,jeep_gladiator_2021,jeep_gladiator_2021.jpg,jeep_gladiator_2021
892,2023,ram,1500,ram_1500_2023,ram_1500_2023.jpg,ram_1500_2023
893,2018,gmc,canyon,gmc_canyon_2018,gmc_canyon_2018.jpg,gmc_canyon_2018
894,2018,chevrolet,colorado,chevrolet_colorado_2018,chevrolet_colorado_2018.jpg,chevrolet_colorado_2018
895,2020,ram,3500,ram_3500_2020,ram_3500_2020.jpeg,ram_3500_2020
896,2014,toyota,tacoma,toyota_tacoma_2014,toyota_tacoma_2014.webp,toyota_tacoma_2014
897,2018,gmc,sierra 1500,gmc_sierra-1500_2018,gmc_sierra-1500_2018.jpg,gmc_sierra-1500_2018
898,2020,nissan,frontier,nissan_frontier_2020,nissan_frontier_2020.jpg,nissan_frontier_2020
899,2020,ram,1500,ram_1500_2020,ram_1500_2020.jpg,ram_1500_2020
900,2022,ram,1500,ram_1500_2022,ram_1500_2022.jpg,ram_1500_2022
901,2013,toyota,tacoma,toyota_tacoma_2013,toyota_tacoma_2013.jpg,toyota_tacoma_2013
902,2021,honda,ridgeline,honda_ridgeline_2021,honda_ridgeline_2021.jpg,honda_ridgeline_2021
903,2019,honda,ridgeline,honda_ridgeline_2019,honda_ridgeline_2019.jpg,honda_ridgeline_2019
904,2022,ford,ranger,ford_ranger_2022,ford_ranger_2022.jpg,ford_ranger_2022
905,2022,honda,ridgeline,honda_ridgeline_2022,honda_ridgeline_2022.jpg,honda_ridgeline_2022
906,2019,chevrolet,silverado 1500,chevrolet_silverado-1500_2019,chevrolet_silverado-1500_2019.jpg,chevrolet_silverado-1500_2019
907,2020,gmc,sierra 2500hd,gmc_sierra-2500hd_2020,gmc_sierra-2500hd_2020.jpg,gmc_sierra-2500hd_2020
908,2019,chevrolet,colorado,chevrolet_colorado_2019,chevrolet_colorado_2019.jpg,chevrolet_colorado_2019
909,2020,honda,ridgeline,honda_ridgeline_2020,honda_ridgeline_2020.jpg,honda_ridgeline_2020
910,2023,nissan,frontier,nissan_frontier_2023,nissan_frontier_2023.jpg,nissan_frontier_2023
911,2016,ford,f 250,ford_f-250_2016,ford_f-250_2016.jpg,ford_f-250_2016
912,2019,ford,f 350,ford_f-350_2019,ford_f-350_2019.webp,ford_f-350_2019
913,2023,ford,ranger,ford_ranger_2023,ford_ranger_2023.jpg,ford_ranger_2023
914,2017,chevrolet,colorado,chevrolet_colorado_2017,chevrolet_colorado_2017.jpg,chevrolet_colorado_2017
915,2022,ford,f 250,ford_f-250_2022,ford_f-250_2022.webp,ford_f-250_2022
916,2022,ford,f 150,ford_f-150_2022,ford_f-150_2022.jpg,ford_f-150_2022
917,2020,ford,ranger,ford_ranger_2020,ford_ranger_2020.jpg,ford_ranger_2020
918,2021,gmc,canyon,gmc_canyon_2021,gmc_canyon_2021.jpg,gmc_canyon_2021
919,2017,ford,f 250,ford_f-250_2017,ford_f-250_2017.jpeg,ford_f-250_2017
920,2020,nissan,titan,nissan_titan_2020,nissan_titan_2020.jpg,nissan_titan_2020
921,2022,gmc,sierra 1500,gmc_sierra-1500_2022,gmc_sierra-1500_2022.jpg,gmc_sierra-1500_2022
922,2017,ford,f 150,ford_f-150_2017,ford_f-150_2017.jpg,ford_f-150_2017
923,2017,ford,f 350,ford_f-350_2017,ford_f-350_2017.jpeg,ford_f-350_2017
924,2017,honda,ridgeline,honda_ridgeline_2017,honda_ridgeline_2017.jpg,honda_ridgeline_2017
925,2019,gmc,canyon,gmc_canyon_2019,gmc_canyon_2019.jpg,gmc_canyon_2019
926,2023,,nan,,,
927,2016,gmc,canyon,gmc_canyon_2016,gmc_canyon_2016.jpg,gmc_canyon_2016
928,2023,gmc,canyon,gmc_canyon_2023,gmc_canyon_2023.jpg,gmc_canyon_2023
929,2021,gmc,sierra 2500hd,gmc_sierra-2500hd_2021,gmc_sierra-2500hd_2021.jpg,gmc_sierra-2500hd_2021
930,2021,volkswagen,golf,volkswagen_golf_2021,volkswagen_golf_2021.jpg,volkswagen_golf_2021
931,2018,chevrolet,cruze,chevrolet_cruze_2018,chevrolet_cruze_2018.jpg,chevrolet_cruze_2018
932,2016,honda,fit,honda_fit_2016,honda_fit_2016.jpg,honda_fit_2016
933,2018,bmw,i3,bmw_i3_2018,bmw_i3_2018.jpg,bmw_i3_2018
934,2019,nissan,versa note,nissan_versa-note_2019,nissan_versa-note_2019.jpg,nissan_versa-note_2019
935,2022,toyota,prius,toyota_prius_2022,toyota_prius_2022.jpg,toyota_prius_2022
936,2018,mazda,mazda3,mazda_mazda3_2018,mazda_mazda3_2018.jpg,mazda_mazda3_2018
937,2018,honda,fit,honda_fit_2018,honda_fit_2018.jpg,honda_fit_2018
938,2020,hyundai,veloster,hyundai_veloster_2020,hyundai_veloster_2020.jpg,hyundai_veloster_2020
939,2017,toyota,prius,toyota_prius_2017,toyota_prius_2017.jpg,toyota_prius_2017
940,2018,toyota,prius prime,toyota_prius-prime_2018,toyota_prius-prime_2018.jpg,toyota_prius-prime_2018
941,2019,honda,fit,honda_fit_2019,honda_fit_2019.jpg,honda_fit_2019
942,2023,mini,cooper,mini_cooper_2023,mini_cooper_2023.png,mini_cooper_2023
943,2021,audi,a5,audi_a5_2021,audi_a5_2021.jpg,audi_a5_2021
944,2017,chevrolet,bolt ev,chevrolet_bolt-ev_2017,chevrolet_bolt-ev_2017.jpeg,chevrolet_bolt-ev_2017
945,2018,audi,s5,audi_s5_2018,audi_s5_2018.jpg,audi_s5_2018
946,2020,mini,cooper,mini_cooper_2020,mini_cooper_2020.jpeg,mini_cooper_2020
947,2019,audi,rs5,audi_rs5_2019,audi_rs5_2019.jpeg,audi_rs5_2019
948,2015,volkswagen,beetle,volkswagen_beetle_2015,volkswagen_beetle_2015.jpg,volkswagen_beetle_2015
949,2017,ford,focus,ford_focus_2017,ford_focus_2017.jpg,ford_focus_2017
950,2018,volkswagen,golf,volkswagen_golf_2018,volkswagen_golf_2018.jpg,volkswagen_golf_2018
951,2019,bmw,6 series,bmw_6-series_2019,bmw_6-series_2019.jpg,bmw_6-series_2019
952,2022,chevrolet,spark,chevrolet_spark_2022,chevrolet_spark_2022.jpg,chevrolet_spark_2022
953,2020,volkswagen,golf,volkswagen_golf_2020,volkswagen_golf_2020.jpg,volkswagen_golf_2020
954,2021,toyota,prius prime,toyota_prius-prime_2021,toyota_prius-prime_2021.jpg,toyota_prius-prime_2021
955,2019,toyota,prius,toyota_prius_2019,toyota_prius_2019.jpg,toyota_prius_2019
956,2016,ford,focus,ford_focus_2016,ford_focus_2016.jpg,ford_focus_2016
957,2020,hyundai,ioniq,hyundai_ioniq_2020,hyundai_ioniq_2020.jpg,hyundai_ioniq_2020
958,2022,hyundai,veloster n,hyundai_veloster-n_2022,hyundai_veloster-n_2022.jpg,hyundai_veloster-n_2022
959,2022,audi,a5,audi_a5_2022,audi_a5_2022.jpg,audi_a5_2022
960,2019,mazda,mazda3,mazda_mazda3_2019,mazda_mazda3_2019.jpg,mazda_mazda3_2019
961,2019,audi,a7,audi_a7_2019,audi_a7_2019.jpg,audi_a7_2019
962,2020,toyota,prius,toyota_prius_2020,toyota_prius_2020.jpg,toyota_prius_2020
963,2022,volkswagen,golf,volkswagen_golf_2022,volkswagen_golf_2022.jpg,volkswagen_golf_2022
964,2013,audi,a7,audi_a7_2013,audi_a7_2013.jpg,audi_a7_2013
965,2021,toyota,prius,toyota_prius_2021,toyota_prius_2021.jpg,toyota_prius_2021
966,2016,volkswagen,beetle,volkswagen_beetle_2016,volkswagen_beetle_2016.jpg,volkswagen_beetle_2016
967,2017,volkswagen,golf,volkswagen_golf_2017,volkswagen_golf_2017.jpg,volkswagen_golf_2017
968,2018,nissan,versa note,nissan_versa-note_2018,nissan_versa-note_2018.jpg,nissan_versa-note_2018
969,2018,ford,focus,ford_focus_2018,ford_focus_2018.jpg,ford_focus_2018
970,2023,audi,a5,audi_a5_2023,audi_a5_2023.jpg,audi_a5_2023
971,2016,toyota,prius,toyota_prius_2016,toyota_prius_2016.jpg,toyota_prius_2016
972,2017,hyundai,veloster,hyundai_veloster_2017,hyundai_veloster_2017.jpg,hyundai_veloster_2017
973,2017,toyota,prius prime,toyota_prius-prime_2017,toyota_prius-prime_2017.jpg,toyota_prius-prime_2017
974,2014,audi,a7,audi_a7_2014,audi_a7_2014.jpg,audi_a7_2014
975,2021,hyundai,ioniq,hyundai_ioniq_2021,hyundai_ioniq_2021.jpg,hyundai_ioniq_2021
976,2013,bmw,3 series,bmw_3-series_2013,bmw_3-series_2013.jpg,bmw_3-series_2013
977,2016,mazda,miata,mazda_miata_2016,mazda_miata_2016.jpeg,mazda_miata_2016
978,2015,mazda,miata,mazda_miata_2015,mazda_miata_2015.webp,mazda_miata_2015
979,2023,mazda,miata,mazda_miata_2023,mazda_miata_2023.jpeg,mazda_miata_2023
980,2019,mini,cooper,mini_cooper_2019,mini_cooper_2019.jpeg,mini_cooper_2019
981,2020,bmw,z4,bmw_z4_2020,bmw_z4_2020.jpg,bmw_z4_2020
982,2018,fiat,124 spider,fiat_124-spider_2018,fiat_124-spider_2018.webp,fiat_124-spider_2018
983,2016,buick,cascada,buick_cascada_2016,buick_cascada_2016.jpg,buick_cascada_2016
984,2017,mercedes-benz,slc,mercedes-benz_slc_2017,mercedes-benz_slc_2017.jpg,mercedes-benz_slc_2017
985,2016,mercedes-benz,slk,mercedes-benz_slk_2016,mercedes-benz_slk_2016.jpg,mercedes-benz_slk_2016
986,2022,mazda,miata,mazda_miata_2022,mazda_miata_2022.webp,mazda_miata_2022
987,2020,bmw,m4,bmw_m4_2020,bmw_m4_2020.jpg,bmw_m4_2020
988,2016,bmw,m4,bmw_m4_2016,bmw_m4_2016.jpg,bmw_m4_2016
989,2013,chevrolet,camaro,chevrolet_camaro_2013,chevrolet_camaro_2013.jpg,chevrolet_camaro_2013
990,2013,volvo,c70,volvo_c70_2013,volvo_c70_2013.jpg,volvo_c70_2013
991,2020,fiat,124 spider,fiat_124-spider_2020,fiat_124-spider_2020.jpeg,fiat_124-spider_2020
992,2021,bmw,2 series,bmw_2-series_2021,bmw_2-series_2021.jpg,bmw_2-series_2021
993,2017,fiat,124 spider,fiat_124-spider_2017,fiat_124-spider_2017.webp,fiat_124-spider_2017
994,2014,ford,mustang,ford_mustang_2014,ford_mustang_2014.jpg,ford_mustang_2014
995,2014,mercedes-benz,slk,mercedes-benz_slk_2014,mercedes-benz_slk_2014.jpg,mercedes-benz_slk_2014
